ObjID,raMean,decMean,zMeanPSFMag,zMeanKronMag,nDetections,zQfPerfect
107983339959645663,333.99599713,-0.01232781,19.0319004058838,19.1411991119385,80,0.999149978160858
107983339982664153,333.99825499,-0.01361359,20.7894992828369,20.0874996185303,18,0.998607993125916
107993340038738481,334.00388223,-0.00163609,19.184700012207,17.451000213623,78,0.998989999294281
107993340021574948,334.00240353,-0.00455724,13.3015003204346,13.353099822998,91,0.998601019382477
107983339999278929,333.99997118,-0.00968793,20.8426990509033,20.6406002044678,31,0.99804300069809
107993339965896682,333.99664048,-0.00314976,20.9675006866455,-999,21,0.998583972454071
107793339012777927,333.90127623,-0.16864799,20.6959991455078,20.1324996948242,58,0.999271988868713
107793339061140227,333.90614229,-0.17517979,20.0666999816895,20.2385005950928,51,0.999199986457825
107813339150621861,333.91505854,-0.15715008,13.4415998458862,13.4860000610352,86,0.999235987663269
107813339140334331,333.91403529,-0.15516919,20.9109992980957,20.2593002319336,7,0.999194025993347
107823339059995173,333.9060209,-0.14607756,17.3584003448486,17.4465999603271,91,0.999028027057648
107823339069162856,333.90694511,-0.14800091,16.1758995056152,16.2299995422363,90,0.99951297044754
107803339065282647,333.9065406,-0.16481322,20.9908008575439,21.0548992156982,20,0.998113989830017
107803338952793178,333.89529643,-0.16440931,15.5592002868652,15.6131000518799,76,0.999669015407562
107803339029948513,333.90303148,-0.15995717,19.4762001037598,19.5870990753174,81,0.99956202507019
107983338138256775,333.8138225,-0.01136216,19.0671005249023,19.1525001525879,76,0.998618006706238
107973338086913926,333.80869976,-0.02213058,21.2581005096436,-999,19,0.99822998046875
107973338148122687,333.81483393,-0.02313535,20.378999710083,19.3511009216309,58,0.999051988124847
107973338161817235,333.81620112,-0.01927549,20.7017993927002,19.9099998474121,40,0.998919010162354
107973338122589282,333.81229532,-0.01759173,21.4465999603271,-999,17,0.978417992591858
107943338132899706,333.81329685,-0.04227853,16.8981990814209,16.9608993530273,66,0.999080002307892
107943338171195478,333.81712929,-0.04580737,17.7206001281738,17.8094005584717,71,0.998982012271881
107943338172177810,333.81724591,-0.04391403,21.3731002807617,21.2821006774902,24,0.998073995113373
107963338082745500,333.80821841,-0.02915098,21.2031993865967,20.7031002044678,22,0.998134016990662
107963338049488077,333.8049509,-0.02695994,18.3173007965088,18.4519996643066,74,0.998161017894745
107953338121248927,333.81206393,-0.03459565,20.1357002258301,19.4545001983643,63,0.999625980854034
107963338099431734,333.80977487,-0.03215738,21.2506008148193,20.5944004058838,19,0.998529970645905
107953338107500137,333.81075194,-0.04192787,16.8325004577637,16.9022006988525,66,0.999621987342834
107953338088676290,333.80889602,-0.03673684,19.2120990753174,18.2847995758057,57,0.998760998249054
107953338088786918,333.80889696,-0.03624544,19.4120998382568,19.3516006469727,13,0.998740971088409
107953338358007450,333.83582421,-0.03583488,20.7929992675781,20.1121006011963,40,0.998634994029999
107973338273140646,333.82732545,-0.02482804,17.4032001495361,17.4794006347656,70,0.999671995639801
107963338322861149,333.83235983,-0.03274478,20.9640998840332,21.2192993164063,20,0.99839198589325
107953338197224687,333.81972895,-0.03811262,18.7889995574951,18.9305992126465,67,0.999293029308319
107973338197081052,333.81972086,-0.02448772,17.2005004882813,17.2749004364014,77,0.999040007591248
107963338167655280,333.81668123,-0.02926232,20.7057991027832,20.4123001098633,42,0.999341011047363
107953338200719144,333.82006621,-0.03441626,18.9333992004395,19.0412998199463,62,0.998682975769043
107893338318482874,333.83185232,-0.08961123,19.3150997161865,19.4346008300781,69,0.998535990715027
107903338208599721,333.82094669,-0.07551572,20.5440006256104,20.1096992492676,40,0.999010026454926
107903338178151560,333.81781323,-0.08241553,18.7318000793457,18.8490009307861,72,0.999037027359009
107903338201543547,333.82014504,-0.08075331,18.3143005371094,18.3516006469727,69,0.998431026935577
107903338224378002,333.8225615,-0.07711211,20.7985992431641,20.4097003936768,29,0.999044001102448
107903338227305097,333.82275074,-0.07943972,18.9496994018555,19.0421009063721,59,0.998943984508514
107893338209365495,333.82099335,-0.08742879,20.8271999359131,-999,14,0.998048007488251
107923338141521467,333.81415366,-0.06579823,19.0650997161865,17.8976993560791,67,0.999185979366302
107903338625354862,333.8625853,-0.07970691,20.8460006713867,20.7530994415283,17,0.99602997303009
107893338703141234,333.87025915,-0.09099192,21.097900390625,21.0997009277344,11,0.998697996139526
107913338518925628,333.85189192,-0.07070581,20.4501991271973,20.2901992797852,27,0.998847007751465
107923338533092956,333.85331462,-0.0645751,20.7320003509521,20.2122993469238,37,0.998534977436066
107883338393049566,333.839323,-0.09242577,20.862699508667,20.9972991943359,37,0.998585999011993
107883338555078087,333.85553564,-0.09363317,14.870400428772,14.9286003112793,62,0.999413013458252
107893338505137957,333.85058114,-0.08535876,20.5349006652832,19.9249992370605,22,0.999246001243591
107903338426775774,333.84282926,-0.07899916,21.2453002929688,21.3365001678467,27,0.998808979988098
107893338487726292,333.84875495,-0.08680418,14.2232999801636,14.2383003234863,72,0.999068975448608
107903338428990029,333.84302109,-0.08360504,20.8223991394043,20.2180995941162,20,0.998456001281738
107903338431360224,333.84303562,-0.08362108,21.0391998291016,20.9918994903564,12,0.996007025241852
107903338504686795,333.85051586,-0.07804595,19.7555999755859,19.8843994140625,49,0.998948991298676
107913338471150186,333.84714807,-0.07520375,20.6749992370605,21.0408992767334,28,0.999571979045868
107893338559103995,333.85592396,-0.08869634,19.7630996704102,19.2630996704102,63,0.999620974063873
107903338585191487,333.85856977,-0.08249534,20.7481994628906,20.6229000091553,18,0.998180985450745
107893341673306249,334.16735966,-0.08689421,20.815299987793,20.3966007232666,36,0.998739004135132
107893341624267360,334.1624024,-0.08590883,20.4440994262695,20.4626998901367,26,0.999207973480225
107893341614457765,334.16148063,-0.08559565,20.5872993469238,19.8271999359131,45,0.998942971229553
107913341827004761,334.18272415,-0.07136741,20.1954002380371,20.3430995941162,56,0.998525977134705
107913341738772614,334.17388352,-0.07317498,19.1117000579834,18.3801002502441,80,0.998839974403381
107903341822928556,334.18229322,-0.07659201,17.1207008361816,17.1721992492676,81,0.998504996299744
107943341926921559,334.19269324,-0.04905284,21.3090991973877,-999,14,0.998305022716522
108053341374909377,334.13748881,0.04907607,19.9391994476318,19.5291996002197,70,0.998548984527588
108063341477839731,334.14782277,0.05771278,19.5471000671387,19.5860996246338,55,0.999471008777618
108003340781041204,334.07812748,0.00059147,18.4181995391846,18.4776000976563,90,0.999382019042969
108013340917450424,334.09175158,0.00830517,20.7952003479004,20.8267002105713,61,0.999315977096558
108003340883961710,334.08840578,0.00099304,20.1494998931885,20.0242004394531,41,0.999422013759613
108013340903998489,334.0904003,0.01504295,20.904899597168,20.68869972229,58,0.999038994312286
108003341130071090,334.11305444,0.00053063,19.8533000946045,19.9318008422852,83,0.999369978904724
108003341119667199,334.11202503,0.00554565,21.1105003356934,20.8234996795654,13,0.995980024337769
108003341023123925,334.1024231,0.00289829,20.1811008453369,19.9242992401123,81,0.999064981937408
108013341017170416,334.10173421,0.00843232,20.5825996398926,20.5060997009277,67,0.999469995498657
108053341072592616,334.10727314,0.04344867,18.6375007629395,18.7031993865967,79,0.999646008014679
108043341020794119,334.10209845,0.03636342,16.7754993438721,16.8491992950439,90,0.999373018741608
108033340921170967,334.09222351,0.02530531,21.0282001495361,-999,12,0.998118996620178
108043340983980962,334.09843078,0.03374354,20.3859996795654,20.5165996551514,62,0.998969972133636
108033340957291012,334.09572024,0.02545604,20.7728996276855,20.7893009185791,29,0.999278008937836
108023341053239750,334.10532481,0.02438233,20.7858009338379,20.7618999481201,54,0.998394012451172
108033341086373974,334.10867915,0.02797637,19.7320995330811,19.2075996398926,81,0.999204993247986
108033341013996672,334.10142103,0.03016017,16.8843002319336,16.9596996307373,84,0.999635994434357
108003340937975452,334.0938253,0.00413352,18.1208000183105,18.1923999786377,93,0.999633014202118
108053341117436141,334.11182907,0.04644513,20.9678993225098,20.7877998352051,27,0.998457014560699
108053341137314747,334.11377139,0.04521381,20.8777008056641,20.4668998718262,22,0.998166024684906
108053341206183503,334.12065318,0.04414663,19.2024002075195,19.2301006317139,68,0.999150991439819
108043341220977865,334.12211297,0.03948299,20.8476009368896,20.8148994445801,36,0.999011993408203
108053341254403264,334.12548947,0.0440041,19.7278003692627,19.6968994140625,69,0.999360978603363
108043341137964235,334.11379268,0.03641877,19.7297992706299,19.5041999816895,70,0.998829007148743
108013341208080627,334.12071866,0.00854403,20.5195999145508,18.971399307251,6,0.996518015861511
108013341204250669,334.12046288,0.00854182,20.317699432373,19.3412990570068,70,0.999696016311646
108013341177966539,334.1177504,0.01336131,20.363000869751,20.0076007843018,52,0.999691009521484
108023341218040642,334.12181412,0.01680962,16.6420001983643,16.7145004272461,83,0.999234974384308
108043341378593265,334.13787117,0.03567756,20.4976005554199,20.4654006958008,45,0.998564004898071
108043341239564761,334.12392806,0.03690858,20.9160995483398,20.739200592041,18,0.999646008014679
107883338906545113,333.89075087,-0.09616576,20.857400894165,20.7747993469238,16,0.998131990432739
107873338978984412,333.89788294,-0.10504286,21.1651000976563,20.1618003845215,40,0.998574018478394
108083340735292592,334.07351559,0.06843421,20.7665004730225,20.9789009094238,31,0.99922102689743
108083340771540902,334.0771969,0.06702961,19.2502002716064,19.3356990814209,65,0.998894989490509
108083340635042816,334.06348979,0.0686104,18.3621997833252,18.4967994689941,86,0.999028027057648
108073340676883307,334.06771651,0.06068493,20.7710990905762,20.1133003234863,49,0.999033987522125
108113341001822725,334.10022378,0.0935085,20.5337009429932,20.5272006988525,74,0.99931401014328
108103340833461344,334.08336734,0.08406728,20.2560997009277,20.3306007385254,75,0.998905003070831
108103340910961456,334.0911092,0.08414257,21.2073993682861,-999,16,0.997337996959686
108103340895351901,334.08957272,0.08462268,20.9312992095947,-999,40,0.997065007686615
108103340886257085,334.08865102,0.08884686,19.6100006103516,19.6667003631592,72,0.99939501285553
108093340716342806,334.07163811,0.0769456,18.0529003143311,18.127799987793,79,0.998975992202759
108013340708481085,334.07086254,0.0088232,18.3171005249023,18.4095993041992,84,0.99966299533844
108013340760200097,334.07603939,0.0080227,20.6737003326416,20.4932994842529,33,0.99957799911499
108003340755458944,334.07556026,0.00718698,21.0639991760254,20.3523998260498,8,0.999285995960236
108053340738290953,334.07387738,0.04203331,18.2537994384766,18.3570003509521,78,0.999433994293213
108053340845420179,334.08460403,0.04145434,20.7040996551514,20.63330078125,21,0.99889999628067
108043340817998009,334.08183961,0.0395785,21.1033992767334,20.4456996917725,8,0.998471975326538
107993341988327635,334.19880668,-0.0022943,19.9437999725342,19.8945999145508,74,0.998516023159027
107993341932525227,334.19335262,-0.00448879,20.5599002838135,20.1830005645752,60,0.999400973320007
107973341955294624,334.19552551,-0.02156371,21.1436996459961,-999,13,0.999320983886719
108033340272460649,334.02728719,0.02515634,20.7877998352051,20.7220001220703,27,0.998898983001709
108023340327459244,334.03274586,0.02397112,21.0391998291016,-999,32,0.997783005237579
107983341949821602,334.19506206,-0.01576911,21.2912998199463,-999,23,0.99864000082016
107983341931639337,334.19319859,-0.00926417,20.8843994140625,20.8859004974365,33,0.999343991279602
107983341981058003,334.19809815,-0.01037386,19.346700668335,19.3946990966797,69,0.999291002750397
107983341965828978,334.1965994,-0.00957561,20.9022998809814,20.5337009429932,24,0.998616993427277
108053340415984918,334.04159759,0.04542831,21.2289009094238,21.0450000762939,13,0.998513996601105
108043340380010106,334.03813979,0.03300717,20.6627998352051,20.5783004760742,17,0.99931800365448
108033340382889842,334.03824631,0.03294657,20.809700012207,20.0347995758057,42,0.998682022094727
108003341569341678,334.15695536,0.00094154,19.9687995910645,20.0750007629395,64,0.999149978160858
108003341573586035,334.15737389,0.00463191,20.3455009460449,20.335599899292,45,0.999149978160858
108023341527352207,334.15273606,0.01811647,21.2005004882813,-999,17,0.997518002986908
108013341543208240,334.1543561,0.01479209,21.0316009521484,20.6110000610352,28,0.999157011508942
108003341442334158,334.14424243,0.00308297,19.6704006195068,19.744800567627,74,0.998987019062042
108003341505413812,334.15051599,0.00283855,20.5359992980957,19.9361000061035,56,0.999208986759186
108003341500385334,334.15010483,0.0039628,20.75830078125,20.4267997741699,30,0.998528003692627
108043341444082949,334.14440481,0.03539802,14.7326002120972,14.7937002182007,84,0.998894989490509
108023341424038910,334.14242257,0.02371838,21.181999206543,20.2057991027832,26,0.998997986316681
108033341424031334,334.14243904,0.02572985,16.5235004425049,16.593900680542,77,0.998964011669159
108033341398566347,334.139842,0.02992195,21.3481998443604,20.6902008056641,26,0.998354017734528
108003341219118324,334.12192275,0.00649204,17.6219997406006,17.7094993591309,90,0.999303996562958
108013341320892928,334.1320641,0.01044816,21.1413993835449,-999,19,0.998247027397156
108013341420211894,334.142046,0.00950465,20.6571998596191,20.6110000610352,62,0.999170005321503
108013341456187704,334.14557695,0.01436115,19.6900997161865,19.8327007293701,61,0.999239027500153
108023341435712853,334.14358341,0.0186494,20.5266990661621,20.9211006164551,48,0.999419987201691
108083341398789453,334.13991476,0.0741249,19.2724990844727,19.3813991546631,70,0.998305022716522
108053341180017702,334.11801212,0.04768843,20.2458000183105,20.2681999206543,51,0.99897301197052
108073341262683339,334.1262983,0.06073517,19.4020004272461,19.451000213623,65,0.998908996582031
108073341251800376,334.12528529,0.05824741,21.051700592041,-999,55,0.998982012271881
108073341210460531,334.12104997,0.05838879,20.6900005340576,20.3752994537354,34,0.999436974525452
108053341460507593,334.14604245,0.04760339,16.8463001251221,16.9106006622314,88,0.999417006969452
108063341483032422,334.14830463,0.05163106,19.2143001556396,19.3143997192383,72,0.998327016830444
108063339722538089,333.9722706,0.05635455,18.5272006988525,18.63450050354,78,0.998809993267059
108083339622265278,333.96221858,0.07066096,20.6625995635986,20.2719993591309,43,0.999300003051758
108083339667035045,333.96671652,0.07050836,19.1658992767334,19.2726001739502,78,0.999219000339508
108083339639443137,333.96395864,0.06889938,15.2740001678467,15.3392000198364,85,0.999684989452362
108083339536380921,333.95365082,0.06707883,19.7791004180908,19.9246997833252,78,0.999639987945557
108083339536614573,333.95367823,0.07008299,19.8756999969482,19.5802993774414,60,0.999639987945557
108003339043473219,333.90438251,0.00236855,19.6844997406006,19.7373008728027,59,0.998803019523621
108023339099080623,333.90991435,0.01677013,14.1492004394531,14.1850996017456,80,0.999041020870209
107963340626966620,334.0627018,-0.02821961,18.5513000488281,18.6622009277344,72,0.998714983463287
107963340539534882,334.05392916,-0.02958456,20.1049995422363,20.2120990753174,64,0.999297976493835
107963340615475304,334.06157773,-0.02933718,18.7255001068115,18.8257999420166,74,0.999143004417419
107973340485539876,334.04858176,-0.0171503,19.9060001373291,19.9941997528076,80,0.99940299987793
107923340075431336,334.00761821,-0.06602563,20.4335994720459,20.5132007598877,62,0.998650014400482
107923340113721414,334.0114289,-0.06589744,19.8649005889893,19.2625999450684,78,0.999144971370697
107773339602519327,333.96026475,-0.18427326,17.8612003326416,17.9333000183105,65,0.999212026596069
107773339585289413,333.95853334,-0.18420986,20.7070999145508,20.6417007446289,24,0.999224007129669
107793339607085720,333.96065867,-0.17064275,20.9120998382568,21.0926990509033,12,0.999135971069336
107793339570971890,333.95710036,-0.17386147,21.2159996032715,-999,15,0.997748017311096
107783339642990043,333.96438806,-0.18365407,19.6576995849609,19.5948009490967,74,0.999520003795624
107773339922175058,333.99225095,-0.18784758,16.6207008361816,16.6898002624512,87,0.999238014221191
107773339926256244,333.99267762,-0.18684533,19.8903999328613,20.0513000488281,28,0.999258995056152
107773339788449234,333.97884896,-0.18441064,20.8747005462646,20.8230991363525,21,0.99922502040863
107783339820126453,333.98205945,-0.1783265,20.7514991760254,20.3318004608154,56,0.999464988708496
107783339805094968,333.98055268,-0.17954506,20.774299621582,20.4160995483398,35,0.998674988746643
107783339879357616,333.98795435,-0.17739868,20.5287990570068,20.1574993133545,64,0.999576985836029
107803339581305546,333.95824254,-0.16236057,21.0186996459961,20.5116996765137,50,0.998167991638184
107803339642043383,333.96430171,-0.1642779,20.8050994873047,20.5424003601074,45,0.999001979827881
107793339625067164,333.96252137,-0.16932286,21.2033996582031,20.7527008056641,17,0.998390018939972
107793339607089222,333.96074096,-0.16763542,20.9806003570557,20.8619003295898,22,0.998453974723816
107803339653391741,333.96536656,-0.1656624,19.961799621582,20.1056003570557,52,0.999630987644196
107783339772085983,333.97724892,-0.17872661,15.597900390625,15.6525001525879,88,0.999177992343903
107783339676837195,333.96768022,-0.17776167,20.8938007354736,21.1110000610352,22,0.99870902299881
107793339740592314,333.97406851,-0.17343842,20.869499206543,20.5552005767822,30,0.999714016914368
107773340386735848,334.03868351,-0.18718455,16.6637992858887,16.7392997741699,92,0.999338984489441
107773340315367594,334.03152427,-0.18571621,20.9962005615234,-999,25,0.99915999174118
107823340055782231,334.00552453,-0.1485229,20.8950996398926,20.7399997711182,27,0.99870902299881
107823340042750393,334.0043044,-0.14998139,21.3237991333008,21.0352993011475,9,0.998310029506683
107813340035975905,334.0036424,-0.15377848,21.5442008972168,-999,13,0.996185004711151
107803340038139024,334.00379672,-0.15957137,18.5279006958008,18.613899230957,69,0.998957991600037
107803340136216966,334.01368728,-0.16123197,20.3612003326416,19.8791999816895,49,0.998935997486115
107803340166997067,334.01675407,-0.16118528,20.4136009216309,20.4822998046875,51,0.99906599521637
107783339997968067,333.99982237,-0.17706227,13.242600440979,13.2817001342773,83,0.999579012393951
107773340109684553,334.01098834,-0.1882792,19.0683994293213,19.2096004486084,73,0.998588025569916
107773340107508029,334.01078533,-0.18536203,16.2292995452881,16.3034000396729,87,0.999435007572174
107783340085659654,334.00865079,-0.17572136,20.6688995361328,20.4691009521484,49,0.998821973800659
107793340052183375,334.00526547,-0.17261429,18.3980007171631,18.4778003692627,71,0.999161005020142
107773340170349665,334.01703077,-0.18405324,21.3621006011963,21.2115993499756,18,0.999235987663269
107783340146323161,334.01464199,-0.18113948,20.1893997192383,20.1942005157471,46,0.999230027198792
107783340168652932,334.01685476,-0.18130461,20.6968002319336,20.2693004608154,49,0.998784005641937
107793340167427736,334.01677823,-0.1689254,20.6352996826172,20.7726993560791,33,0.998928010463715
107793340194080010,334.01943584,-0.17540473,15.7230997085571,15.7818002700806,87,0.999194979667664
107893339563686673,333.95638016,-0.08649233,19.5562992095947,19.5865993499756,69,0.999257981777191
107933339342602241,333.93429177,-0.05683756,16.7852993011475,16.8505001068115,63,0.998506009578705
107933339363876214,333.93641288,-0.05357036,21.3374004364014,21.207799911499,10,0.99780398607254
107923339310532373,333.93108042,-0.06505498,21.3931007385254,21.2418003082275,17,0.997022986412048
107893339324721769,333.93248743,-0.09057101,19.5266990661621,19.5578002929688,42,0.999351978302002
107883339374297564,333.93747528,-0.09402874,20.4381999969482,20.1909999847412,40,0.999611973762512
107893339392130878,333.93920618,-0.09139166,20.2066993713379,20.1702003479004,43,0.998952984809875
107893339473172989,333.9473386,-0.08957043,18.8027992248535,18.951099395752,69,0.999312996864319
107893339474319165,333.94744137,-0.08438473,19.9673004150391,19.8076000213623,47,0.998781979084015
107913339502885297,333.95030858,-0.07095994,19.0669002532959,19.192699432373,56,0.998569011688232
107903339455306635,333.94555867,-0.07819464,18.0997009277344,18.1840991973877,73,0.998301982879639
107903339406798628,333.94068875,-0.07652131,21.0888996124268,20.983699798584,13,0.999338984489441
107973339059263093,333.90595447,-0.02277214,19.715799331665,19.6744995117188,60,0.998733997344971
107983338972134849,333.89718984,-0.01300763,21.4039001464844,20.9293003082275,22,0.949787020683289
107943339087514205,333.90875358,-0.04687869,18.6702995300293,18.7182998657227,58,0.998281002044678
107963338921777665,333.89221919,-0.0272953,20.4654006958008,20.244499206543,20,0.999412000179291
107953339161648981,333.91616338,-0.03452244,20.5848007202148,20.8117008209229,56,0.998513996601105
107963339175422793,333.91753084,-0.03141184,21.3647994995117,20.1161003112793,24,0.998134970664978
107953339216465247,333.92166273,-0.03766043,19.4386005401611,19.5076007843018,65,0.998450994491577
107953339120092722,333.91200077,-0.03974527,21.0203990936279,21.073600769043,14,0.998282015323639
107963339040100587,333.90412871,-0.03325419,20.531099319458,20.3624992370605,53,0.998274981975555
107943339311302851,333.93118182,-0.047995,20.9533996582031,-999,17,0.99822598695755
107933339294378209,333.92948564,-0.05185206,20.8218994140625,21.4747009277344,9,0.997510015964508
107923339239044735,333.9239161,-0.06312248,19.5580005645752,18.4235000610352,65,0.999252021312714
107943339225990324,333.92259297,-0.05008952,20.3747005462646,20.0858001708984,44,0.999343991279602
107933339255184698,333.92550729,-0.05477159,20.3355007171631,20.4542999267578,31,0.998803019523621
107933339220825697,333.92207449,-0.05395857,19.6951007843018,19.7290992736816,46,0.997970998287201
107933338973684717,333.89736649,-0.05473446,21.2768001556396,20.7998008728027,10,0.99864000082016
107893339263078327,333.92636393,-0.08505892,20.8920993804932,-999,29,0.998564004898071
107903339277817656,333.92769789,-0.07725627,20.6758003234863,20.7427997589111,23,0.998120009899139
107913339106333936,333.91066337,-0.07208514,20.6772994995117,20.3994007110596,36,0.999396979808807
107913339166351601,333.91669879,-0.07410173,20.9041004180908,20.9860992431641,33,0.999466001987457
107913339132713367,333.91323281,-0.07244729,20.5662994384766,20.8087997436523,34,0.99925297498703
107903339189936303,333.91894947,-0.07833941,20.755500793457,20.086799621582,44,0.998363018035889
107923339104421959,333.91048315,-0.06537818,20.1135997772217,19.592399597168,47,0.999023020267487
108023341674954621,334.16750365,0.02011683,14.6219997406006,14.6715002059937,87,0.999700009822845
108053341876365831,334.18770642,0.04619141,21.1401996612549,-999,15,0.99906599521637
108043341901039123,334.19012169,0.04053364,19.2341995239258,18.6275997161865,88,0.999260008335114
107903338596223700,333.85962115,-0.08053434,20.2518997192383,20.2791004180908,51,0.999238014221191
107893338375597142,333.83756981,-0.08609023,20.1718997955322,19.9043998718262,59,0.998627007007599
108173339243473197,333.92439186,0.14409741,20.363000869751,19.8386001586914,15,0.997888028621674
108173339244043607,333.92436504,0.14415356,21.0783004760742,20.4200000762939,11,0.99932998418808
108173339380810850,333.93807312,0.14195223,19.0209999084473,19.1259002685547,85,0.999228000640869
108173339360362158,333.93601233,0.14314336,20.8393993377686,20.4923992156982,33,0.999397993087769
108183339354566749,333.93552344,0.1552343,20.9374008178711,-999,22,0.998471021652222
108183339351419492,333.93516295,0.15750665,20.0834007263184,20.0576992034912,57,0.999271988868713
108173339599295979,333.95986258,0.14629172,20.7087001800537,20.402099609375,40,0.998255014419556
108173339524842020,333.95247656,0.14301362,20.6949005126953,20.6609992980957,35,0.999189019203186
108173339504254590,333.95045774,0.14513688,20.8290004730225,20.6615009307861,33,0.998548984527588
108173339526994318,333.95271858,0.14492466,21.1201992034912,-999,7,0.998404979705811
108183339579102635,333.95789813,0.1517921,17.7576007843018,17.8502006530762,89,0.999226987361908
108173339544638393,333.95444459,0.14827754,18.9542999267578,19.0837001800537,81,0.999119997024536
108173339518027966,333.95181718,0.14792037,19.7003002166748,19.7108993530273,89,0.998642027378082
108183339418382490,333.94183414,0.15167315,20.6583003997803,20.5895004272461,57,0.998878002166748
108193339442212353,333.94422514,0.15991544,16.7926006317139,16.8759002685547,82,0.999018013477325
108183339399825415,333.94000481,0.15413793,20.6532001495361,20.0783004760742,60,0.998367011547089
108113338860527111,333.88608351,0.09722251,16.0995006561279,16.1620006561279,61,0.999221980571747
108113339059826783,333.90599836,0.09690228,21.1825008392334,20.8502998352051,6,0.997838020324707
108113339140328909,333.91403077,0.09872036,19.0531005859375,19.107400894165,77,0.998489022254944
108143339062586492,333.90621117,0.12170236,19.0611000061035,19.2120990753174,80,0.99930602312088
108143339173094254,333.91729596,0.11990205,21.141300201416,-999,12,0.908420979976654
108143339109884469,333.91099054,0.12003733,20.4827003479004,20.1732997894287,66,0.999436974525452
108153339121603198,333.91214659,0.1272559,18.8029003143311,18.9164009094238,73,0.998443007469177
108143339196130050,333.91961848,0.11633479,16.8824996948242,16.9524993896484,86,0.998669981956482
108133339109977366,333.91098426,0.1141298,20.6173992156982,20.7805995941162,59,0.999686002731323
108113339674039340,333.96741928,0.09905158,19.5041007995605,19.6023006439209,65,0.999426007270813
108113339686357595,333.9686009,0.09769435,20.9885005950928,-999,18,0.998865008354187
108113339651463593,333.96514729,0.09429424,18.7397003173828,18.8379993438721,92,0.999343991279602
108133339632437240,333.96325587,0.11400439,19.0401992797852,19.0853004455566,85,0.999011993408203
108123339579139856,333.95797086,0.10786102,21.1511001586914,21.2539005279541,6,0.996725022792816
108113339530837593,333.9530727,0.09759402,21.0342998504639,-999,15,0.998313009738922
108153339624276624,333.9624228,0.13009761,17.7154998779297,17.7931003570557,76,0.998475015163422
108163339584002073,333.95844505,0.13470975,18.4768009185791,18.5874004364014,83,0.999212026596069
108153339569993554,333.95703647,0.1275997,20.8670997619629,20.6721000671387,8,0.99889999628067
108173340617230248,334.06174974,0.1415036,16.6105003356934,16.6513996124268,74,0.99930202960968
108173340698846485,334.06990336,0.14669915,20.9564990997314,20.5340995788574,35,0.998180985450745
108173340612862006,334.06131707,0.14295116,14.4174003601074,14.4759998321533,75,0.999595999717712
108173340892068318,334.08925433,0.14821315,19.7728004455566,19.9514999389648,66,0.999231994152069
108193340894442770,334.08947539,0.16020458,20.9745006561279,-999,8,0.998290002346039
108193340880814298,334.08807497,0.16149041,19.4696006774902,19.5813999176025,73,0.999182999134064
107833339156978986,333.91573086,-0.1345569,17.828800201416,17.8934993743896,80,0.999157011508942
107853339053053776,333.9053148,-0.12215083,20.673999786377,20.2954998016357,12,0.998363018035889
107853339102106353,333.91023095,-0.12011593,18.9398994445801,19.0330009460449,74,0.999122977256775
107843339183074974,333.91832819,-0.12956906,20.5048999786377,20.4444999694824,41,0.999309003353119
107843339141639929,333.91418588,-0.12544439,18.4657001495361,18.5478000640869,77,0.999352991580963
107883339059994926,333.90599914,-0.09625979,20.4288997650146,19.4174995422363,57,0.999110996723175
107873339192724033,333.91925157,-0.10536287,21.0872001647949,21.2290992736816,26,0.999216973781586
107873339164296166,333.91645043,-0.1037247,20.9626998901367,20.6991996765137,20,0.999099016189575
107863339168515532,333.91687075,-0.11245122,17.7912006378174,17.8871002197266,84,0.999594986438751
107863339140862181,333.9141095,-0.11521371,19.9638004302979,19.9356002807617,75,0.998772978782654
107873339098325614,333.9098661,-0.10404999,20.377799987793,19.7800998687744,60,0.998947024345398
107873339051599121,333.90513269,-0.10107363,21.3523006439209,21.1732006072998,13,0.997789978981018
107873339065557684,333.90659524,-0.10229652,20.9629993438721,20.9923000335693,19,0.999191999435425
107873339014830638,333.90150293,-0.10817366,19.9722003936768,20.0941009521484,59,0.999611973762512
107873339079342466,333.90800284,-0.10663423,20.7689990997314,20.8134002685547,38,0.999243021011353
107863339244673036,333.92445857,-0.11452211,20.4381008148193,20.3187999725342,55,0.999148011207581
107873339348942024,333.93490048,-0.10708762,20.3173999786377,19.8724994659424,54,0.99890798330307
107863339372517462,333.93726447,-0.11083379,20.941499710083,20.5967998504639,20,0.999186992645264
107863339337661340,333.93377862,-0.11593931,19.1837005615234,18.7462997436523,77,0.99958598613739
107863339383272048,333.93825704,-0.11538411,21.4626007080078,21.3875999450684,8,0.99864798784256
107833339267301042,333.92680071,-0.14113171,21.3645000457764,21.2460994720459,7,0.997358977794647
107843339304741136,333.93050542,-0.13278152,18.8379993438721,18.9109001159668,76,0.998865008354187
107853339220090759,333.9220335,-0.12475117,19.1944007873535,19.3055992126465,83,0.999688982963562
107843339289471303,333.92892857,-0.13261216,21.1068000793457,21.0559005737305,7,0.998576998710632
107833339265325882,333.92657732,-0.137129,20.9265003204346,20.4806003570557,45,0.99890398979187
107833339574601298,333.95746203,-0.14102159,19.5447006225586,19.6410999298096,59,0.999293029308319
107833339523928666,333.95243031,-0.13485033,16.943000793457,17.0153999328613,76,0.998946011066437
107833339430615175,333.94307518,-0.13777271,20.997200012207,20.952600479126,41,0.998763024806976
107843339446710303,333.94462532,-0.1333244,20.8290004730225,20.753999710083,23,0.997934997081757
107853339339793838,333.93401725,-0.12221798,20.5426006317139,19.7383003234863,69,0.999342978000641
107883338838657810,333.88389421,-0.09384758,19.7714996337891,19.8554992675781,38,0.998678982257843
107903338861352558,333.88613868,-0.08159615,20.5228996276855,20.6009006500244,29,0.999182999134064
107903338928942008,333.8929483,-0.08201531,20.1905002593994,20.1287994384766,71,0.999366998672485
108113340240196569,334.02404472,0.09673929,15.0228004455566,15.0854997634888,93,0.999203979969025
108113340271059585,334.02714161,0.09932622,20.8796005249023,20.4906005859375,41,0.999029994010925
108133340338089937,334.03380266,0.11619633,18.2486000061035,18.3437004089355,84,0.999279975891113
108133340385847998,334.03858927,0.11463295,20.4491004943848,19.9825992584229,58,0.999400019645691
108133340347245028,334.03470952,0.11207739,19.3542003631592,18.2215003967285,78,0.999579012393951
108133340342865717,334.03430297,0.11274125,19.8705005645752,18.8432006835938,18,0.999185025691986
108123340353270107,334.03536106,0.0996992,20.8700008392334,-999,7,0.998745024204254
108133340430407186,334.04306236,0.11391796,16.941499710083,17.0233001708984,81,0.999216020107269
107853338604595415,333.86046312,-0.12086444,20.9638996124268,20.8229999542236,14,0.998423993587494
107843338639946727,333.86402287,-0.12808288,20.7180995941162,20.640100479126,48,0.999206006526947
107853338633568146,333.86339039,-0.1185897,14.8861999511719,14.9443998336792,55,0.999623000621796
107873338594900467,333.85950134,-0.10834928,20.0722999572754,20.1492004394531,45,0.998887002468109
107863338626576766,333.86266944,-0.11140178,16.0643997192383,16.1294002532959,70,0.999629020690918
107883338329000784,333.83292328,-0.09973129,19.4340991973877,19.589599609375,62,0.999379992485046
107883338251425238,333.82523096,-0.09612748,20.9542007446289,-999,8,0.998539984226227
107873338321745765,333.83221819,-0.10388047,19.0522994995117,17.9766006469727,69,0.998930990695953
107833338669709894,333.86702192,-0.1338092,15.5312995910645,15.586199760437,64,0.999073028564453
107833338610202319,333.86104983,-0.14017765,21.1704998016357,21.3199996948242,13,0.973766028881073
107833338626261262,333.86264877,-0.1409453,19.8927001953125,19.9792995452881,42,0.999221980571747
107883338368533247,333.83681416,-0.09768831,19.9195003509521,19.6569995880127,62,0.998878002166748
107873338427863815,333.842773,-0.10549005,20.693000793457,20.0771007537842,38,0.99883097410202
107873338398475447,333.83990539,-0.10417978,21.1550998687744,-999,26,0.999220013618469
107873338416048687,333.84161806,-0.1014634,14.5251998901367,14.578800201416,67,0.998935997486115
107983339845559198,333.98467629,-0.00947173,18.4099998474121,18.2970008850098,76,0.999220013618469
107983339827803645,333.98280117,-0.01402443,20.7397003173828,20.6858997344971,25,0.99930602312088
107983339842373135,333.98407997,-0.01447339,19.3973007202148,19.5405006408691,83,0.999625980854034
107983339924253800,333.9924376,-0.01388749,19.7483997344971,19.8644008636475,71,0.99881500005722
107963339829358223,333.98294689,-0.02683811,20.673999786377,20.3013000488281,60,0.998812973499298
107953339869759442,333.98700066,-0.03419554,15.9601001739502,16.0277996063232,75,0.999000012874603
107953339847157390,333.98467798,-0.03589042,21.0914993286133,21.3990993499756,27,0.998445987701416
107953339865706709,333.98661546,-0.03645761,18.2677993774414,18.3684005737305,75,0.999074995517731
107953339839331683,333.98393792,-0.04061246,21.1485996246338,-999,9,0.996152997016907
107963340020874867,334.00208954,-0.02965246,17.0564994812012,17.1525001525879,64,0.998412013053894
107943340015609422,334.00160998,-0.04256723,20.8115005493164,20.2686996459961,32,0.998199999332428
107943340031225874,334.00316544,-0.0455255,18.300500869751,18.3624992370605,68,0.998827993869781
108033340251905931,334.02520163,0.02955523,17.339599609375,17.426700592041,78,0.999678015708923
108043340330787912,334.0330974,0.03962354,20.093900680542,19.4918994903564,11,0.999682009220123
108043340293238330,334.02935087,0.03984448,20.8178005218506,20.6362991333008,17,0.998959004878998
108133338754709386,333.87547375,0.11579931,19.1177005767822,19.2317008972168,57,0.998947024345398
108133338729989849,333.87294993,0.11614029,18.8076000213623,16.111499786377,81,0.999005019664764
108173338661351914,333.8661244,0.14286209,15.4506998062134,15.4879999160767,77,0.997816979885101
108173338710167043,333.87099399,0.14719964,17.994499206543,18.0769004821777,69,0.999219000339508
108173338638462556,333.86384843,0.14343561,20.609899520874,20.4591999053955,41,0.998220026493073
108173338639055303,333.86389768,0.14571238,19.6396007537842,19.8057994842529,54,0.999646008014679
108113338342363776,333.83425986,0.09439824,20.1942005157471,19.9405002593994,66,0.99870902299881
108113338343323442,333.83426271,0.09439975,20.3693008422852,20.6028995513916,9,0.998359024524689
107993338138148081,333.81380577,-0.00197532,20.9783992767334,20.3537998199463,43,0.999324977397919
107983338265265573,333.82659133,-0.01242074,20.5781002044678,20.5000991821289,31,0.99898099899292
107983338185616284,333.81855776,-0.01179301,20.5536994934082,19.9169006347656,51,0.999019026756287
107963338411856128,333.84125408,-0.02866395,20.8544998168945,20.919900894165,18,0.998938977718353
107963338382082569,333.83822865,-0.03156771,17.9652996063232,18.0678997039795,62,0.998901009559631
107993338478949271,333.8479147,-0.00094837,19.8404998779297,19.8080997467041,65,0.999561011791229
107993338445755567,333.8445814,-0.0040615,17.6798992156982,17.7703990936279,68,0.998844027519226
107993338429134818,333.84291568,-0.00468663,16.589599609375,16.6611003875732,72,0.999284982681274
107983338450479569,333.84508621,-0.00903805,17.2936992645264,17.3691997528076,67,0.99915999174118
107983338393791314,333.83940344,-0.01588704,20.6865997314453,-999,25,0.998620986938477
107973338419306795,333.84196671,-0.01972405,20.9456996917725,20.2191009521484,43,0.998296976089478
107983338349393082,333.83497331,-0.01446471,20.6870994567871,20.7833003997803,25,0.998381972312927
107913338820434265,333.88207787,-0.07180742,20.2801990509033,20.3253002166748,48,0.998821020126343
107913338663621776,333.86636068,-0.07390199,19.548999786377,19.6306991577148,39,0.999619007110596
107913338658942831,333.86589877,-0.07298737,20.9785995483398,21.1439990997314,20,0.99864798784256
107903338716457841,333.87166762,-0.0771667,16.8398990631104,16.9188003540039,71,0.999293982982636
107913338728254144,333.87282847,-0.07191887,19.0356998443604,19.1830005645752,55,0.99956601858139
107903338732392354,333.87321345,-0.08161718,21.0139007568359,20.3176002502441,47,0.998722970485687
107903338808372275,333.88088547,-0.08186484,20.8899993896484,20.3120002746582,20,0.999319016933441
107903338809791950,333.88093074,-0.08203851,20.7779006958008,19.8638000488281,10,0.997826993465424
107933338763072237,333.87631834,-0.05684803,18.5102005004883,18.6180992126465,68,0.998394012451172
107943338726390006,333.87269158,-0.05034405,20.8661994934082,-999,12,0.998615980148315
107923338850305440,333.88508239,-0.06252546,20.1634006500244,19.8924007415771,53,0.998993992805481
107923338842668200,333.88433766,-0.06020017,20.8320999145508,20.7945995330811,25,0.998678982257843
107943338777801386,333.87779755,-0.04922213,20.6042003631592,20.5340995788574,45,0.999167025089264
107933338818273827,333.8818172,-0.05570715,20.6263999938965,20.1758995056152,45,0.999041020870209
107933338540062495,333.85404115,-0.05657437,20.5818004608154,20.0993995666504,48,0.998941004276276
107933338503518422,333.85032976,-0.05162711,21.0566997528076,20.0496006011963,31,0.997166991233826
107933338650455801,333.8650396,-0.05386929,19.2719993591309,19.30419921875,60,0.998591005802155
107933338601415513,333.8601589,-0.05410963,16.9545001983643,17.0617008209229,64,0.999294996261597
107913338661479971,333.86617264,-0.0670847,20.8890991210938,21.0410003662109,12,0.999119997024536
107923338714389417,333.87144262,-0.05920565,19.9631996154785,20.027099609375,65,0.999170005321503
107923338733285208,333.87333385,-0.06268137,19.5298004150391,19.0081005096436,55,0.999392986297607
107993338919609446,333.89202464,-0.0008379,20.5079002380371,20.592399597168,17,0.999462008476257
108003338926410101,333.89266467,-0.00028842,20.2852993011475,20.1131000518799,43,0.999306976795197
107983338946897083,333.89467956,-0.01105656,20.1432991027832,20.1966991424561,54,0.999176979064941
107973338673538876,333.86736284,-0.01795921,21.2315998077393,21.1795997619629,29,0.997941970825195
107983338687769054,333.86878484,-0.00946459,20.3202991485596,20.2663993835449,59,0.99896901845932
107993338633703020,333.863401,-0.00619155,21.2350006103516,20.2663993835449,17,0.998987019062042
107953338838673729,333.88384771,-0.03903005,19.7471008300781,19.1350994110107,45,0.998426973819733
107953338837943395,333.88383745,-0.03909157,19.5876007080078,19.0298004150391,11,0.998597979545593
107963338912917412,333.89126536,-0.02757004,20.3607006072998,19.6054992675781,51,0.998669028282166
107963338910361102,333.89109169,-0.03280499,19.5480995178223,19.5790004730225,55,0.999293029308319
107953338878498928,333.8878205,-0.03456189,19.9426002502441,19.8908996582031,60,0.998968005180359
107973338725335012,333.8725712,-0.02124558,20.1049995422363,20.1970996856689,37,0.999130010604858
107973338780237694,333.87806574,-0.01895683,20.6103000640869,20.7710990905762,26,0.999408006668091
107973338793435684,333.87939207,-0.02066531,20.6784992218018,20.6420993804932,26,0.998971998691559
108113339106680166,333.91073585,0.09143784,20.1336002349854,20.2017002105713,67,0.999427974224091
108103339072920346,333.9072804,0.08323602,17.7600002288818,17.8437995910645,84,0.998983025550842
108103339119866719,333.91201426,0.08853896,20.5480995178223,20.6506004333496,42,0.998995006084442
108083339015628255,333.90155969,0.07316451,16.0195999145508,15.9350996017456,92,0.998432993888855
108093338900983030,333.89008402,0.077144,19.3388004302979,18.7236995697021,55,0.998957991600037
107973341228569820,334.12286078,-0.01723255,18.8717002868652,18.9566993713379,88,0.998588979244232
107973341246301416,334.12458725,-0.02422602,20.8356990814209,20.5860004425049,18,0.99913501739502
107973341268451425,334.12686433,-0.02422265,14.0249004364014,14.0767002105713,92,0.99896901845932
107963341314477549,334.13148872,-0.02735806,20.7765007019043,20.5242004394531,18,0.998856008052826
107963341224888220,334.12254502,-0.0269276,20.9519996643066,20.7059001922607,40,0.998290002346039
107953341313125870,334.13129717,-0.03717017,19.845100402832,19.9528007507324,56,0.998602986335754
107963341261291216,334.12613566,-0.03278194,20.11549949646,19.9328002929688,71,0.999190986156464
107883341367169467,334.13668449,-0.09248158,20.5811004638672,20.7017993927002,31,0.998009026050568
107913341284742204,334.12848476,-0.0736136,20.721700668335,20.8887004852295,50,0.998879015445709
107903341347823170,334.13479462,-0.0810814,20.1539001464844,20.3281002044678,66,0.999081015586853
107893341317240128,334.13170158,-0.09194491,20.6112995147705,20.5300006866455,27,0.998081982135773
107893341334619082,334.1335006,-0.08448117,20.1646995544434,20.1674003601074,49,0.999082982540131
107893341330496233,334.1331748,-0.08684709,20.6851005554199,20.4025993347168,44,0.998215973377228
107893341313354700,334.13134125,-0.08812193,18.9804992675781,19.0319995880127,65,0.999017000198364
107933341076951169,334.10770852,-0.05775159,20.2600002288818,20.2064990997314,64,0.998459994792938
107913341104778700,334.11031604,-0.06816993,21.0188999176025,20.4806995391846,12,0.997496008872986
107923341209562628,334.12097137,-0.06487329,20.542200088501,20.3234996795654,35,0.999687016010284
107893341187320378,334.11877212,-0.09184406,20.9022006988525,-999,26,0.998802006244659
107883341164647711,334.11656578,-0.09392098,20.4825000762939,20.5972003936768,38,0.999091982841492
107893341149640884,334.11515582,-0.09137573,18.2894992828369,18.3680000305176,73,0.999289989471436
107903341041541085,334.10416478,-0.08284431,15.6829996109009,15.7439002990723,83,0.999453008174896
107913341153712222,334.1153902,-0.07354046,16.5741004943848,16.6429996490479,73,0.999017000198364
107913341167932502,334.11682689,-0.07331762,18.5550003051758,18.6749992370605,66,0.99924498796463
107993340720375087,334.07212056,-0.00453159,21.0447006225586,-999,11,0.998310029506683
107973340752965115,334.07524774,-0.02111056,20.7600002288818,20.9102001190186,22,0.999158978462219
107983340808484146,334.08087202,-0.0135813,20.6879997253418,20.8279991149902,31,0.998952984809875
107983340802931234,334.08031606,-0.01605872,18.1499996185303,18.2469997406006,90,0.999432981014252
107943341073423888,334.1074285,-0.04707603,20.3565998077393,19.7679996490479,29,0.998836994171143
107943340897846363,334.08982437,-0.04511632,19.8838996887207,19.9962997436523,58,0.999584972858429
107953340909967395,334.09099779,-0.03593962,19.2901992797852,19.3964004516602,88,0.999146997928619
107903339755519216,333.97555915,-0.07596536,20.1830997467041,20.1695995330811,44,0.999203026294708
107903339733056740,333.97332704,-0.0780836,20.1205997467041,19.7747001647949,51,0.999010026454926
107893340057118331,334.00572864,-0.08512922,18.3509006500244,18.4640998840332,81,0.999620020389557
107883340026738000,334.00269062,-0.09373054,19.7917003631592,19.86549949646,76,0.999338984489441
107883339972137456,333.99720399,-0.09425819,20.5485992431641,20.4009990692139,53,0.999288976192474
107893339927224304,333.99267273,-0.08860117,21.0097999572754,20.2224998474121,12,0.998749971389771
107933339784406989,333.97847631,-0.05289546,18.4002990722656,18.4592990875244,59,0.998688995838165
107933339793292500,333.97937338,-0.0566725,21.0219993591309,-999,12,0.998660981655121
107923339838486131,333.98388358,-0.06194364,20.2908000946045,20.2577991485596,68,0.999265015125275
107903339881059789,333.98810241,-0.07556119,20.0442008972168,19.3920993804932,73,0.999396979808807
107913339775023684,333.97746317,-0.07224858,20.7275009155273,20.8218994140625,27,0.999226987361908
107903339804805905,333.98051844,-0.0787575,20.6872997283936,20.1107997894287,44,0.998767018318176
107903339821722117,333.9821615,-0.08193721,20.8255004882813,20.7709999084473,40,0.999026000499725
107933340224749851,334.02249642,-0.05052543,20.3780994415283,20.3127994537354,36,0.999319970607758
107933340200015080,334.02002357,-0.05453468,18.8855991363525,18.9820003509521,81,0.999637007713318
107923340219271858,334.02196067,-0.06551977,19.9206008911133,19.6826000213623,68,0.999203979969025
107913340360726410,334.03611872,-0.07006251,20.8041000366211,20.8714008331299,39,0.999253988265991
107923340316131174,334.03163381,-0.0661088,18.766300201416,18.8351993560791,78,0.99931800365448
107923340250551425,334.02511846,-0.06587674,20.6049003601074,20.630199432373,24,0.999146997928619
107923340258383029,334.02588287,-0.0645423,18.548999786377,18.5662994384766,76,0.999683976173401
107923340252634452,334.02531629,-0.06335985,20.0139007568359,19.6450996398926,47,0.999469995498657
107883340160477951,334.01601079,-0.09376545,21.1145000457764,21.316499710083,39,0.998410999774933
107893340159341073,334.01592225,-0.09118334,21.2486000061035,21.2052993774414,10,0.998497009277344
107893340177214086,334.01774089,-0.08871412,19.2784996032715,19.4125995635986,66,0.999173998832703
107893340258433420,334.02587121,-0.08919405,21.4832000732422,-999,7,0.999013006687164
107893340243990636,334.02448115,-0.09151367,20.9561004638672,20.8649997711182,45,0.998969972133636
107913340320271732,334.03205483,-0.07395722,14.8878002166748,14.9470996856689,69,0.999113976955414
107903340075060042,334.00751945,-0.08363013,20.9521007537842,20.8864994049072,32,0.999037981033325
107913340088913441,334.00891747,-0.0725627,20.9442005157471,20.7418003082275,42,0.999135971069336
107943340149473201,334.01502486,-0.04768168,20.6259002685547,19.9524002075195,54,0.999459981918335
107923339923181076,333.99234555,-0.06617057,18.7171993255615,18.828800201416,66,0.99930602312088
107933339937986927,333.99397936,-0.05294671,19.7129993438721,19.2192001342773,65,0.999243021011353
107933339923352610,333.99236331,-0.05657771,19.8903007507324,19.9710998535156,65,0.998377978801727
107933339868831946,333.98681787,-0.05708647,21.2019996643066,21.2120990753174,7,0.999001979827881
107933339892612701,333.98927624,-0.05646535,18.8945007324219,19.0293006896973,69,0.998835980892181
107933339895231432,333.98957688,-0.05752599,20.7646007537842,20.5000991821289,27,0.998463988304138
107923339968421121,333.99682656,-0.06612826,19.8847999572754,20.0603008270264,51,0.99946802854538
107923340010602126,334.0011284,-0.06525673,20.8561992645264,21.2574996948242,57,0.998943984508514
108123339490263372,333.94904989,0.10244095,19.4395008087158,19.5272998809814,62,0.999480009078979
108133339560355003,333.9560057,0.11207101,21.1420001983643,21.3115005493164,22,0.998849987983704
108143339376691124,333.93766187,0.11720158,20.0941009521484,20.2642993927002,49,0.998169004917145
108113339304525696,333.93046693,0.09606491,20.9431991577148,-999,13,0.998623013496399
108113339457175133,333.94571829,0.09557051,20.679500579834,20.8006000518799,65,0.99863201379776
108133339448550388,333.94486355,0.10825771,20.661600112915,20.4006004333496,57,0.999172985553741
108123339426387126,333.94261443,0.10556667,20.9992008209229,20.6819000244141,13,0.997790992259979
108123339387072183,333.93869055,0.10142588,17.431999206543,17.5193996429443,82,0.999176025390625
108133339462913605,333.9463118,0.11092742,20.9388999938965,20.9122009277344,7,0.998535990715027
107853340865287470,334.08647703,-0.11926505,20.8560009002686,20.9843006134033,13,0.999216020107269
107873340968909562,334.09679476,-0.10073468,19.7054996490479,18.5846004486084,62,0.999459028244019
107873340871205137,334.08710954,-0.10446904,20.2553005218506,20.4053993225098,34,0.999633014202118
107873340957970992,334.09573574,-0.10786771,21.4878005981445,21.3269004821777,11,0.998297989368439
107863340975098383,334.09746959,-0.11010924,20.8689002990723,20.278299331665,13,0.998170971870422
107873340917841889,334.09187487,-0.10725259,21.1352996826172,-999,17,0.998135983943939
107863340933778004,334.09334151,-0.11041879,18.4454002380371,17.7866992950439,64,0.999283015727997
107863340804895515,334.08049555,-0.11244745,20.7964992523193,20.6303997039795,48,0.999080002307892
107863340827954558,334.08282406,-0.11329374,20.5809993743896,20.8603992462158,26,0.999005973339081
107883341030841041,334.10310017,-0.09952809,14.2947998046875,14.3584995269775,77,0.998745024204254
107863341011954452,334.10119996,-0.11335466,16.088399887085,16.1476993560791,72,0.998688995838165
107863341148564478,334.11481586,-0.11343795,21.1777000427246,21.4526996612549,7,0.998974978923798
107863341107044548,334.11075752,-0.11327587,19.959400177002,19.1993999481201,64,0.998740971088409
107873341075610356,334.10759585,-0.10841781,20.3166999816895,20.3041000366211,26,0.999053001403809
107853340990550969,334.09906695,-0.12463229,20.3020992279053,20.2273006439209,60,0.999683976173401
107843341276370184,334.1277032,-0.13350277,20.282600402832,19.9018001556396,50,0.999327003955841
107843341257721956,334.12578734,-0.1320915,20.4134998321533,20.0167999267578,56,0.998772978782654
107843341065584697,334.10659096,-0.1297894,20.8514995574951,20.7875003814697,13,0.998991012573242
107843341087102104,334.10875244,-0.13194965,21.1504993438721,21.3948001861572,29,0.999149978160858
107843341070959106,334.10711076,-0.12611489,20.9664993286133,20.8819007873535,20,0.999001979827881
107993341514485075,334.15148496,-0.00451515,13.5214004516602,13.5871000289917,86,0.997596979141235
107993341494436693,334.14947511,-0.00313425,20.6767997741699,20.0020999908447,8,0.998997986316681
107983341354483589,334.13541804,-0.01404294,20.798999786377,20.7437992095947,32,0.999153971672058
107983341299234711,334.12995402,-0.01316657,15.222900390625,15.2639999389648,93,0.999417006969452
107993341370674553,334.13709164,-0.00493346,17.6527996063232,17.7490005493164,81,0.99896901845932
108003341311870140,334.1311146,-0.00036068,20.8234004974365,20.4051990509033,62,0.998925983905792
107943341498199303,334.14985396,-0.04266628,19.1303005218506,19.2098999023438,62,0.999343991279602
107953341538879290,334.15392291,-0.03431917,18.735200881958,18.8080005645752,73,0.998842000961304
107963341428131154,334.14284256,-0.0327954,18.4563999176025,18.5687007904053,71,0.997633993625641
107963341440621470,334.14405326,-0.0325252,18.6923999786377,18.4566993713379,87,0.99872100353241
107883339156688334,333.91570688,-0.09343625,18.2609996795654,18.3446006774902,62,0.999260008335114
107903339094702470,333.90944422,-0.08166291,20.6455993652344,20.3549003601074,47,0.998772978782654
107883339122388357,333.91232506,-0.09359332,20.5214004516602,19.9130992889404,20,0.999544024467468
107883339122698015,333.91233694,-0.09360917,20.4895000457764,19.7961006164551,24,0.998498976230621
107893339145710363,333.91458271,-0.09167583,20.7070999145508,20.4678001403809,38,0.999060988426209
107893339124626827,333.91249552,-0.08631099,20.5104999542236,20.1935997009277,44,0.999059975147247
107923338908820543,333.89091184,-0.06659451,21.0478992462158,21.0384998321533,7,0.998687982559204
108073340816644389,334.0816633,0.06155271,19.8542003631592,19.6320991516113,70,0.999306976795197
108053340757517487,334.07576037,0.04747973,18.69580078125,18.7805004119873,57,0.999584019184113
108063340760246061,334.07604787,0.05462957,15.839599609375,15.8892002105713,82,0.999211013317108
108053340989529102,334.09897252,0.04883084,17.0729999542236,17.1306991577148,88,0.999279975891113
108063341018380649,334.10186261,0.05013068,20.8286991119385,20.8733997344971,23,0.999638974666595
108053340912088221,334.09124235,0.04811591,17.2233009338379,17.3076000213623,90,0.999255001544952
108103341000246149,334.10000493,0.08806116,20.9517002105713,20.3799991607666,42,0.999010026454926
108103340998934665,334.09991703,0.08682652,20.8705005645752,20.2907009124756,42,0.999298989772797
108103340972095418,334.09719296,0.0873731,19.5846004486084,19.6257991790771,79,0.999059021472931
108083340997056376,334.09969808,0.07160957,21.1170997619629,21.089599609375,33,0.998681008815765
108093340963150495,334.09628639,0.07501812,21.1436004638672,21.578800201416,10,0.99916398525238
108093340936767319,334.09370767,0.08066016,21.0004997253418,-999,23,0.998108983039856
108083340862872678,334.0862739,0.06851721,20.9018993377686,21.0590000152588,25,0.999324023723602
108073340905814844,334.09060842,0.06196613,18.2998008728027,18.377799987793,88,0.998715996742249
108003341640135918,334.1640294,0.00453089,19.7031993865967,19.1634006500244,72,0.999338984489441
108003341668062028,334.16679138,0.00125523,18.6748008728027,18.7758007049561,82,0.999696016311646
108013341733797951,334.17343968,0.01459018,21.1914005279541,20.7688999176025,18,0.992157995700836
108003341742107327,334.17417985,0.00575123,21.1156005859375,20.7506008148193,22,0.996972024440765
108003341715086140,334.17149375,0.00468829,16.3889007568359,16.4463996887207,85,0.999472975730896
108003341868692583,334.18685469,0.00176835,19.9908008575439,20.2063999176025,66,0.998848974704742
108013341936313581,334.19359695,0.01089022,19.6858005523682,19.7014007568359,68,0.99965900182724
108043341951863425,334.19519189,0.03576609,18.3258991241455,18.4221992492676,79,0.999249994754791
108033341858520037,334.18584499,0.02462812,16.8892002105713,16.9755992889404,98,0.998600006103516
108033341914342722,334.19144029,0.0268497,19.5384006500244,19.6492004394531,96,0.998821020126343
108023341828456126,334.18287727,0.02141072,19.7040996551514,19.8584003448486,91,0.999283015727997
108003341834486859,334.1834648,0.0053335,18.5904998779297,18.6879997253418,83,0.999697983264923
108013341809640405,334.18093647,0.00823362,19.8127994537354,19.5540008544922,82,0.998964011669159
108123341463995773,334.14639378,0.10444196,19.4395999908447,18.8812007904053,73,0.998686015605927
108123341471831557,334.14720617,0.10091985,20.7609004974365,20.6965007781982,39,0.998645007610321
108133341422584317,334.14228124,0.11154417,17.1963996887207,17.2681999206543,82,0.999189972877502
108133341467032720,334.14669464,0.11021928,20.3127994537354,20.1737995147705,52,0.99864399433136
108123341505818169,334.15054458,0.10641891,19.9216003417969,19.8202991485596,71,0.999706983566284
108023340455738652,334.04559802,0.02348974,20.2660007476807,20.529899597168,51,0.999217987060547
108023340325315391,334.03254397,0.02075424,20.3283996582031,20.4745998382568,46,0.999017000198364
108073341804788339,334.1804848,0.06487639,16.4230995178223,16.4850997924805,74,0.99888002872467
108073341803368963,334.18028759,0.06546714,18.8362007141113,18.9589004516602,9,0.999217987060547
108113341468285122,334.1468158,0.09553391,18.7131996154785,18.8309993743896,76,0.998742997646332
108113341533768535,334.15336084,0.0984295,20.4615001678467,20.486499786377,39,0.998824000358582
108113341627276485,334.1627356,0.09665069,20.7210006713867,21.3153991699219,31,0.997614979743958
108123341592037577,334.15920999,0.10594217,16.7136001586914,16.6415996551514,75,0.99967098236084
108113341568606343,334.15680458,0.09643585,20.9568996429443,20.6366004943848,39,0.998835980892181
108113341733305722,334.17332567,0.09605049,20.5634994506836,20.6602993011475,63,0.99940299987793
108133341648664982,334.16485697,0.11208305,15.5916004180908,15.6522998809814,81,0.998840987682343
108003339691728254,333.96920753,0.006488,18.3332996368408,18.4286994934082,73,0.998597979545593
108003339682746405,333.96829342,0.00495425,20.5331001281738,20.6837005615234,27,0.999620974063873
108003339677024228,333.96772541,0.00315558,17.039400100708,17.1287994384766,67,0.998694002628326
108003339723818957,333.97243845,0.00717446,20.7654991149902,20.3607006072998,30,0.998071014881134
108013339782682737,333.97830442,0.01024929,20.5102996826172,20.4015998840332,44,0.999001979827881
108023339569581120,333.95699118,0.01723552,19.0107002258301,19.0921001434326,62,0.998167991638184
108013339685000649,333.96854647,0.00850415,20.8703994750977,20.8803005218506,35,0.999357998371124
108023339711177505,333.97116578,0.02254459,18.5858001708984,18.486499786377,64,0.998623013496399
108103339676850984,333.96771098,0.08376113,19.9015007019043,20.0189990997314,86,0.999630987644196
108083339557976421,333.95581744,0.07165601,20.7754993438721,21.0624008178711,28,0.998250007629395
108083339583406981,333.95832992,0.07210305,20.300199508667,20.0935001373291,57,0.999189972877502
108093339671082757,333.96719139,0.07691364,20.1483001708984,20.0240001678467,79,0.999293029308319
108063339384381805,333.93843348,0.05118267,21.0396995544434,21.1032009124756,6,0.998131990432739
107953338695712445,333.86958007,-0.04009966,20.1658000946045,20.2819995880127,24,0.999047994613647
107953338696403176,333.86966251,-0.0393838,20.0431003570557,20.2047996520996,46,0.998781979084015
107953338720840313,333.8720973,-0.04178178,16.7334995269775,16.6944007873535,60,0.99896502494812
107953338762000017,333.87616969,-0.04200847,20.7320995330811,20.5988998413086,27,0.998700976371765
107983338541268438,333.85413271,-0.0101291,20.8166999816895,20.2735004425049,25,0.998875975608826
107973338648878875,333.86482732,-0.01798462,20.3964004516602,20.0583992004395,44,0.999404013156891
107973338575006628,333.85750513,-0.01983024,19.3495998382568,19.3763008117676,63,0.998847007751465
108123341156873656,334.11566475,0.10269846,19.777099609375,19.8423004150391,58,0.999255001544952
108133341209412570,334.1209657,0.11009837,20.6837997436523,-999,7,0.997592985630035
108123341217582842,334.12177085,0.10195704,20.7350006103516,20.915599822998,66,0.999006986618042
108143341374590710,334.13745927,0.11689003,20.4022998809814,19.8957004547119,58,0.998851001262665
108143341349711356,334.13502937,0.11742037,20.7033004760742,20.3782997131348,32,0.999143004417419
108133341342342105,334.13424528,0.10972754,20.6100997924805,-999,19,0.998086988925934
108133341345468100,334.13456386,0.11463229,20.6912002563477,20.5361995697021,29,0.99864399433136
108133341304579169,334.13048653,0.11561828,21.0370006561279,20.4188003540039,8,0.998134970664978
108133341271654262,334.12718104,0.11154956,21.0055999755859,21.0289993286133,21,0.998844981193542
108123341050595128,334.10511536,0.10386737,19.862699508667,20.0032997131348,79,0.999288022518158
108123341007321158,334.10075206,0.10056652,15.7216997146606,15.7714996337891,78,0.998863995075226
108123341033891745,334.10343721,0.1010384,19.7262001037598,19.7236003875732,55,0.99931800365448
108133341002062322,334.1003272,0.10993655,20.8313999176025,20.2985992431641,18,0.999481022357941
108143341038881566,334.10389279,0.11756509,19.8987998962402,19.9382991790771,61,0.999017000198364
108133341083579912,334.10841665,0.11620833,20.7360000610352,20.8833999633789,55,0.998672008514404
108133341081634107,334.10818466,0.11134182,20.138500213623,20.1884002685547,54,0.999038994312286
108153341174926422,334.11753735,0.12996132,21.1688003540039,21.3579006195068,16,0.998760998249054
108163341246099673,334.12456059,0.14103047,20.153299331665,19.955099105835,40,0.999415993690491
108163341218149536,334.12173412,0.14095722,20.6875,19.5284004211426,25,0.998812019824982
108163341226024433,334.12260886,0.13663148,15.4607000350952,15.5115995407104,85,0.998449981212616
108163341198787915,334.11989482,0.13956824,19.4305992126465,19.4050006866455,79,0.998463988304138
108153341214662946,334.12147326,0.12702321,19.4095001220703,19.4634990692139,81,0.998935997486115
108163341251677871,334.12516068,0.13944174,20.8052997589111,20.5533008575439,37,0.998005986213684
108163340962857702,334.09630989,0.13936799,20.6972007751465,20.8966999053955,27,0.998700022697449
108163340976952368,334.09772038,0.13490445,17.4430999755859,17.4521999359131,83,0.998723983764648
108163340971001559,334.09710757,0.13425116,19.4897003173828,18.9417991638184,26,0.999114990234375
108153340961554773,334.09620074,0.12864974,19.5762996673584,19.7019996643066,59,0.998825013637543
108163340997070984,334.09975095,0.13376186,18.7434005737305,18.8652992248535,81,0.99965900182724
108153341097934150,334.10981113,0.12807314,14.9394998550415,15.0073003768921,74,0.999664008617401
108103341400369295,334.14005721,0.09064769,19.0582008361816,19.0879001617432,64,0.999199986457825
108103341261479987,334.12615863,0.09124715,20.6466999053955,20.843599319458,63,0.998615980148315
108113341321151957,334.13218464,0.09297656,21.3603000640869,-999,6,0.999341011047363
108113341287940931,334.12880176,0.09209231,20.8351001739502,20.6487998962402,31,0.998754978179932
108093341314883471,334.13149679,0.07750477,17.9874992370605,18.1025009155273,75,0.998701989650726
108093341325699572,334.13258387,0.08261113,19.1376991271973,17.9022998809814,82,0.998718023300171
108093341075987849,334.1076865,0.08118898,20.1355991363525,20.3181991577148,58,0.999190986156464
108073341157870451,334.11581728,0.0583389,20.510799407959,20.011999130249,55,0.998722970485687
108063341133089508,334.11336068,0.05762438,20.2945003509521,20.2388000488281,38,0.998453974723816
108083341112862600,334.11127288,0.06845457,20.7803993225098,20.9666996002197,43,0.998849987983704
108073341145607333,334.11449177,0.0639541,20.3034992218018,19.9351997375488,76,0.998655021190643
107953340965862375,334.096623,-0.04009402,21.1571998596191,20.6650009155273,13,0.997768998146057
107973340859320405,334.08595056,-0.02506965,15.807900428772,15.8641004562378,104,0.999222993850708
107973340741441616,334.07415316,-0.02407161,19.3309001922607,19.3931007385254,80,0.999123990535736
107963340808077295,334.08096442,-0.0276298,20.4902992248535,20.4929008483887,42,0.999024987220764
107893340591530864,334.05919961,-0.09139786,20.6480007171631,20.4521007537842,56,0.999334990978241
107883340652189973,334.06522439,-0.09210644,20.1714000701904,20.2504997253418,43,0.998979985713959
107893340592366198,334.05924705,-0.08696713,20.8432006835938,20.4139003753662,22,0.999222993850708
107893340590705652,334.05912033,-0.08735092,21.2122993469238,-999,18,0.998369991779327
107863339932787000,333.99326929,-0.1112328,20.4608993530273,19.4298000335693,51,0.999327003955841
107863339960986051,333.99611412,-0.11202913,19.8945007324219,19.9678993225098,66,0.999454975128174
107873339954521086,333.99543643,-0.10783548,20.7178001403809,20.7173004150391,45,0.999046981334686
107863340120942766,334.01211753,-0.11476295,18.9620990753174,19.0618000030518,78,0.99915999174118
107863340274712797,334.02746702,-0.11472464,20.0520992279053,20.0338001251221,75,0.99913102388382
107873340227931186,334.02278308,-0.10783858,20.0107002258301,20.1310997009277,78,0.999392986297607
107833340196447989,334.01968134,-0.13541116,20.9419994354248,-999,11,0.999243021011353
107833340211698961,334.02116221,-0.13462066,18.4946994781494,18.5932006835938,68,0.999014019966125
107833340221957556,334.02221353,-0.13571325,20.6597003936768,-999,8,0.999246001243591
107853340089742487,334.00897163,-0.12329616,20.9066009521484,21.1313991546631,33,0.999130010604858
107843340111742056,334.01118448,-0.13201753,19.9321002960205,19.6805992126465,55,0.999642014503479
107833340420759462,334.04209355,-0.13416391,20.8966007232666,21.0771007537842,33,0.998246014118195
107833340402301357,334.040281,-0.14095182,20.4214992523193,20.6177997589111,48,0.999179005622864
107833340418842400,334.04188856,-0.14006079,16.7430992126465,16.8036003112793,88,0.998969972133636
107833340446857751,334.04471603,-0.13560763,18.2574005126953,18.1432991027832,79,0.999419987201691
107853340313522549,334.03135286,-0.12327869,20.8497009277344,20.845100402832,16,0.998169004917145
107843340356776591,334.0356741,-0.12820114,20.9358005523682,20.4505996704102,28,0.999328970909119
107833340350731331,334.03508775,-0.14095944,19.5077991485596,19.5743007659912,72,0.999418973922729
107843340335944866,334.03366074,-0.12969975,21.0974998474121,-999,13,0.998153984546661
107843340215844008,334.02160822,-0.13039024,20.9559001922607,20.7318000793457,15,0.997340977191925
107853340285880458,334.02860836,-0.12500877,17.5897006988525,17.669900894165,81,0.998987019062042
107853340127765137,334.01277494,-0.12117835,20.8542003631592,20.8073997497559,43,0.999116003513336
107853340172752946,334.01733068,-0.12294608,20.886100769043,20.8430004119873,18,0.998627007007599
107843340263008581,334.02633556,-0.12653348,19.5869998931885,19.7245998382568,65,0.998871028423309
107773340440901008,334.04408983,-0.19119865,13.6639003753662,13.7165002822876,81,0.999608993530273
107773339666312601,333.96664996,-0.18987514,17.4242992401123,17.5086994171143,77,0.998679995536804
107773339901521365,333.99016155,-0.19086747,18.6420001983643,18.722900390625,81,0.999705970287323
107773339805993835,333.98062383,-0.18885717,21.0874004364014,20.9176998138428,28,0.999011993408203
107773339786512949,333.97872888,-0.18959658,20.1310005187988,20.1494998931885,59,0.999243021011353
107763339828858808,333.982856,-0.19301372,20.7872009277344,20.5624008178711,45,0.998257994651794
107763339903490828,333.99034212,-0.19968511,20.1221008300781,20.0928001403809,54,0.99898898601532
107763339787879450,333.97883164,-0.19256776,19.2196006774902,18.5512008666992,90,0.999396026134491
107763340365446394,334.03656822,-0.19510525,20.5195007324219,20.5625,63,0.999632000923157
107773340376280742,334.03767592,-0.19144416,20.9321002960205,20.8341999053955,34,0.999136984348297
107773340329670601,334.03296704,-0.19155788,17.0228004455566,17.097900390625,78,0.999032020568848
107773340001462570,334.00016004,-0.18991333,19.2784996032715,19.0300006866455,88,0.999267995357513
107773340114720331,334.0114901,-0.19178707,16.3178997039795,16.3826999664307,72,0.99913501739502
107763340149672418,334.01502517,-0.19839408,19.111400604248,19.2278003692627,65,0.999628007411957
107763340006509592,334.00067456,-0.19239378,16.7224998474121,16.7959995269775,93,0.999044001102448
108003339880701877,333.98807766,0.00122056,21.4099998474121,-999,27,0.997913002967834
108003339928521750,333.99282304,0.00107095,21.2793006896973,21.4437999725342,11,0.998594999313354
108003339966188713,333.99662235,0.0068743,21.2152004241943,-999,28,0.998127996921539
108003340251109075,334.02511343,0.00717207,20.8414001464844,20.7357006072998,46,0.999293029308319
108163339434642671,333.94342726,0.13519848,21.1886005401611,21.4300003051758,23,0.999140024185181
108163339457766004,333.94576927,0.1379365,18.3747997283936,18.4414005279541,80,0.998260021209717
108163339439284261,333.94391022,0.13653802,19.9638996124268,19.9384994506836,58,0.999284982681274
108143339438636572,333.94389805,0.12172382,20.8798999786377,-999,26,0.997355997562408
108153339522295679,333.95223232,0.12935474,19.3106994628906,19.4083995819092,82,0.999226987361908
108153339485340204,333.94861919,0.1246993,20.8271999359131,20.4354000091553,23,0.998603999614716
108163339184506477,333.9184295,0.13830914,20.7597999572754,20.4036998748779,35,0.999423980712891
108163339191190788,333.91912547,0.13361213,16.9046001434326,16.9757995605469,83,0.999042987823486
108173339282350038,333.92826727,0.14134095,20.0041007995605,20.1466999053955,46,0.998368978500366
108153339261895979,333.92612981,0.1296061,21.1858005523682,20.7147006988525,8,0.998049020767212
108153339202814005,333.92027507,0.12798599,20.5445995330811,19.9547996520996,76,0.999023973941803
108153339262388149,333.92625172,0.13145349,21.1152000427246,21.3509998321533,11,0.999161005020142
108143339304657198,333.93047803,0.12227417,20.8374004364014,-999,16,0.99752801656723
108143339404472900,333.94043473,0.11869147,14.5999002456665,14.6583995819092,84,0.999204993247986
108143339336352985,333.93373449,0.11881996,21.2789001464844,20.9276008605957,31,0.997367978096008
108153339376133117,333.93758916,0.12723196,20.4083003997803,20.423900604248,74,0.998667001724243
108003338131673899,333.81319654,0.00284593,21.0814990997314,20.6044998168945,24,0.99899297952652
108003338198540885,333.81988633,0.00038346,15.3863000869751,15.4454002380371,71,0.99940299987793
108003338203737656,333.82038461,0.00601276,20.448600769043,20.3985996246338,59,0.999018013477325
108003338484831464,333.84842273,0.00090824,20.9377994537354,20.7080993652344,20,0.99898499250412
108003338354542999,333.83526985,0.00211136,20.7738990783691,20.1072006225586,49,0.998603999614716
108003338337420768,333.83372857,0.00041726,20.6821994781494,20.5853004455566,59,0.998121976852417
108003338371855378,333.83718858,0.00410732,18.592399597168,18.6944007873535,54,0.998607993125916
108013338426653898,333.84266675,0.0112636,20.7943000793457,20.9825992584229,12,0.998965978622437
108013338344702639,333.83449585,0.01015372,18.6657009124756,18.8337993621826,63,0.99925297498703
108013338359566627,333.83596417,0.01349003,18.7710990905762,18.8512992858887,53,0.999419987201691
108023338902030212,333.8902234,0.01648784,16.118200302124,16.1667995452881,74,0.999361991882324
108003338863933601,333.88643142,0.00265611,19.2087993621826,19.218900680542,64,0.999188005924225
108043338876398301,333.88763609,0.03990245,20.0174007415771,20.1779003143311,25,0.999224007129669
108033338863267247,333.88627822,0.03066964,21.1226997375488,20.409200668335,16,0.999363005161285
108003338572716737,333.85722776,0.00517176,20.7059993743896,20.0100994110107,56,0.998937010765076
108013338727962587,333.87284511,0.01013134,20.7476997375488,20.9440994262695,26,0.9981409907341
108003338639051966,333.86389818,0.00133392,20.4713001251221,20.6159992218018,43,0.998556971549988
107993340923853751,334.09240208,-0.00561405,17.6844005584717,17.7943992614746,78,0.999611020088196
107993340841037175,334.08426788,-0.00260789,20.6725006103516,20.5545997619629,11,0.999680995941162
107993340852046354,334.08521721,-0.00344753,18.279899597168,18.3934993743896,92,0.998638987541199
107953341079162912,334.10793217,-0.0396925,20.7940998077393,20.4669990539551,28,0.999217987060547
107953341050034152,334.10502709,-0.03862594,16.3717994689941,16.4260005950928,86,0.999467015266418
107963341091572024,334.10913139,-0.032132,20.6872997283936,20.2658996582031,26,0.999023020267487
107963341105925697,334.11059594,-0.02896689,20.5186004638672,20.4358997344971,52,0.999297976493835
107963341081896776,334.10816985,-0.02805658,19.7418994903564,19.0517997741699,86,0.999037981033325
107963340995851383,334.09958469,-0.03258202,14.3563003540039,14.4038000106812,87,0.998714983463287
107963341013997690,334.10127542,-0.02731566,21.1830005645752,20.7464008331299,43,0.998737990856171
107953341036648974,334.10373527,-0.03470509,21.0727005004883,20.1910991668701,6,0.998365998268127
107983341388951483,334.13892008,-0.01584155,18.511100769043,18.5645999908447,80,0.999055981636047
107993341419104545,334.14195774,-0.00496997,19.9130001068115,20.0160007476807,73,0.998926997184753
107983341372746563,334.13729216,-0.01160204,17.3470001220703,17.4298000335693,89,0.999216020107269
107993340812685053,334.08124661,-0.00454539,20.7427997589111,20.6861991882324,32,0.997811019420624
107993340806184488,334.08060155,-0.00498824,20.8097991943359,20.906400680542,20,0.998130977153778
108003340935290356,334.09354365,-0.00010576,20.7945995330811,20.8062000274658,13,0.998947024345398
107853340537224562,334.05358715,-0.12172805,15.7590999603271,15.8015003204346,70,0.999279975891113
107833340864856690,334.08649942,-0.13648458,15.933500289917,15.9923000335693,82,0.999635994434357
107853340770113488,334.07701437,-0.12246154,19.1455001831055,19.2136001586914,82,0.998933970928192
107843340777896258,334.07780361,-0.12844559,20.7597007751465,20.892599105835,17,0.999173998832703
107843340783088189,334.07832677,-0.12691627,17.2931995391846,17.395299911499,81,0.999224007129669
107843340765709938,334.07652158,-0.1254503,21.3892993927002,-999,9,0.998682022094727
107833340741437599,334.07415197,-0.13572938,20.9929008483887,20.886100769043,28,0.998453974723816
107843340711931188,334.07120968,-0.13263717,21.3323993682861,21.5426998138428,33,0.99881500005722
107853340736595366,334.07362716,-0.12101475,20.5351009368896,20.5520992279053,39,0.99899297952652
107843340734848916,334.07344722,-0.12621064,20.7940998077393,21.0125007629395,29,0.998485028743744
107853340589125198,334.05893625,-0.12110289,20.2859992980957,19.262300491333,21,0.998821020126343
107843340642235648,334.06423032,-0.1290266,15.8994998931885,15.9540004730225,82,0.999607026576996
107843340632948372,334.06339133,-0.12678889,20.7450008392334,20.9379005432129,29,0.99871701002121
107843340668879655,334.06684983,-0.12560504,21.4871997833252,21.156099319458,23,0.996885001659393
107783340474801379,334.0475065,-0.18250348,20.0837993621826,19.5666999816895,71,0.999324023723602
107773340616015200,334.0616027,-0.18772085,19.7964000701904,19.8698997497559,53,0.999006986618042
107793340496712899,334.04969234,-0.17299227,21.0515995025635,-999,10,0.999428987503052
107773340516116627,334.05163283,-0.18654273,20.6056003570557,20.2609996795654,43,0.999632000923157
107783340791611694,334.07917712,-0.182309,20.7506008148193,20.6674003601074,66,0.999301016330719
107773340690435566,334.06904574,-0.18739725,20.1770992279053,20.2513008117676,42,0.999190986156464
107783340687837721,334.0687953,-0.17728251,19.4559993743896,19.5435009002686,81,0.999334990978241
107813340552467027,334.05525967,-0.15288492,20.0555992126465,19.6109008789063,59,0.999261975288391
107803340594027528,334.05937297,-0.16080739,19.2914009094238,19.3425998687744,88,0.999517023563385
107803340558356109,334.05587418,-0.16205115,20.6709995269775,20.8563003540039,36,0.999038994312286
107813340568532956,334.05687323,-0.15628022,20.7940998077393,20.6152992248535,37,0.999462008476257
107803340547610901,334.05479518,-0.16631106,20.6532001495361,20.2343006134033,59,0.999460995197296
107813340579808849,334.05810016,-0.1513469,20.6553001403809,20.7136993408203,48,0.998869001865387
107823340557432103,334.05578896,-0.14862342,20.6881999969482,20.6900005340576,30,0.998894989490509
107823340570754744,334.05708806,-0.14644372,20.0718002319336,20.1054992675781,69,0.999680995941162
107803340665338521,334.06650611,-0.16013923,20.6280994415283,-999,15,0.998507976531982
107813340683502404,334.06826543,-0.15665023,19.3265991210938,19.3810997009277,87,0.999387979507446
107813340617623426,334.06178342,-0.15588458,16.6026000976563,16.6784000396729,89,0.999680995941162
107813340640615811,334.06407725,-0.1538922,17.8673992156982,17.9773998260498,92,0.999085009098053
107823340653698295,334.06538529,-0.1435453,20.8197002410889,20.5566997528076,6,0.998326003551483
107823340664631909,334.06647585,-0.14881348,19.5307006835938,19.0100002288818,73,0.998807013034821
107813340655026832,334.06556401,-0.15303388,19.7761993408203,19.8733997344971,57,0.99931800365448
107823340615358108,334.06157612,-0.14363355,20.3076000213623,19.8775997161865,53,0.999064028263092
107823340602845799,334.06026753,-0.14557713,20.4613990783691,19.8770008087158,56,0.999464988708496
107783340781697236,334.07815808,-0.17779537,20.5240993499756,20.3593997955322,53,0.99915599822998
107803340887920430,334.08879272,-0.1667282,18.3425006866455,18.4304008483887,87,0.99913501739502
108143341528905044,334.1528932,0.12047077,17.2663993835449,17.3616008758545,82,0.999060988426209
108013341604670189,334.16051452,0.00810695,20.9008007049561,20.9414005279541,17,0.998669981956482
108013341619540416,334.16203991,0.00823156,21.0450992584229,20.5785007476807,26,0.99693101644516
108023341752535770,334.17525629,0.02107286,17.2985000610352,17.371000289917,81,0.999477028846741
108023341691308233,334.169106,0.02312862,18.7224006652832,18.7931995391846,83,0.998687982559204
108023341706345850,334.17060484,0.02119873,20.7649993896484,20.0977001190186,48,0.998926997184753
108023341693562566,334.16933818,0.01838834,19.3054008483887,19.4627990722656,53,0.998328983783722
108023341568098631,334.15682161,0.02345444,17.9913005828857,18.0618991851807,75,0.998520016670227
108023341580036306,334.15803642,0.02148624,20.7791996002197,-999,40,0.998620986938477
108013341594799269,334.15948535,0.01565568,14.8521995544434,14.9291000366211,79,0.998386979103088
108133340403175181,334.04025236,0.1122374,21.0534000396729,21.2059993743896,21,0.999409973621368
108123340224008160,334.02240369,0.10641835,21.0601997375488,20.4055004119873,28,0.997484028339386
108133340110996385,334.0110873,0.11327092,21.2278995513916,21.0821990966797,19,0.99728000164032
108133340113398772,334.01132394,0.11527322,20.5289001464844,20.035400390625,60,0.999107003211975
108133340113290248,334.01134005,0.10815044,18.5998001098633,18.7021999359131,74,0.998992025852203
108133340184374227,334.01844837,0.11150224,20.4785995483398,20.5884990692139,34,0.998593986034393
108163340408765301,334.04067004,0.1374497,21.1371994018555,20.5839996337891,6,0.998389005661011
108163340335978049,334.03357538,0.13969041,19.9053993225098,19.4855995178223,62,0.998638987541199
108143340320077923,334.0320145,0.12286942,15.9673004150391,16.0384998321533,83,0.998616993427277
108153340143492297,334.01433823,0.12652035,17.9120998382568,17.8540992736816,84,0.999260008335114
108153340119653179,334.01197121,0.12727247,17.8642997741699,17.9610996246338,88,0.998884975910187
108153340121180330,334.01231026,0.12491932,20.4130992889404,20.0715999603271,50,0.999153017997742
108153340164838593,334.01643524,0.13170006,21.0583000183105,20.3164005279541,20,0.997061014175415
108153340083207033,334.00830941,0.13050241,18.5797004699707,18.6648006439209,77,0.999632000923157
108153340264187721,334.02640693,0.13106255,19.5797004699707,19.1245002746582,91,0.998930990695953
108153340248617765,334.02487219,0.13107832,19.9109001159668,19.2264003753662,80,0.999638020992279
108163340237300473,334.0237284,0.13335676,17.613899230957,17.6858005523682,89,0.999164998531342
108143340138108340,334.01382369,0.12320207,20.2702007293701,19.9438991546631,48,0.99924498796463
108143340118775058,334.01195981,0.12057976,21.0867004394531,20.6021003723145,42,0.998890995979309
108223339607607555,333.9608245,0.18930742,20.9547996520996,-999,16,0.997413992881775
108223339728108030,333.97285269,0.18969874,21.0795993804932,20.6061000823975,35,0.999161005020142
108233339729534213,333.97291149,0.19483644,21.0370006561279,-999,31,0.997264981269836
108223340400368600,334.04004261,0.1901239,18.4503002166748,16.7359008789063,77,0.999296009540558
108233340055287038,334.00561502,0.19716705,20.4361000061035,20.0452003479004,45,0.99965101480484
108223340197217161,334.01972312,0.18891824,20.3887004852295,20.2628993988037,38,0.999099016189575
108233340161327307,334.0161433,0.19738111,16.2574005126953,16.3234004974365,82,0.999211013317108
108233340159259267,334.01596131,0.19900728,19.9857997894287,20.1716003417969,37,0.999423027038574
108233339980813529,333.99809658,0.19423384,19.1378002166748,19.2437000274658,57,0.998700022697449
108233340008838607,334.00085861,0.19848854,20.5237007141113,20.5377998352051,41,0.998966991901398
108233339991925021,333.99922023,0.19546658,18.1317005157471,18.2637004852295,92,0.999386012554169
108223340525677547,334.0525893,0.18923604,20.6219997406006,20.5179004669189,35,0.999219000339508
108233340457203633,334.04576917,0.19431484,21.3948993682861,-999,40,0.99822199344635
107923341856936970,334.18568308,-0.06121592,16.9860992431641,17.0466003417969,106,0.999137997627258
107933341907281650,334.19073106,-0.05742114,20.9190998077393,20.619800567627,23,0.998952984809875
107933341869335498,334.1869273,-0.05418097,21.0653991699219,20.4253997802734,41,0.998344004154205
107923341690999033,334.16909812,-0.05951298,19.9908008575439,20.0021991729736,63,0.999338984489441
107943341675740839,334.16756456,-0.04967646,21.0210990905762,21.0851993560791,34,0.998923003673553
108073339450080467,333.94503958,0.05840468,20.5604991912842,20.5153007507324,43,0.999430000782013
108063339443739310,333.94430565,0.05738263,20.9130992889404,20.4148998260498,32,0.999158024787903
108063339446190795,333.94463668,0.05027234,17.7507991790771,17.8255004882813,69,0.999211013317108
108063339459530739,333.9459656,0.05024832,16.7978992462158,16.8505992889404,75,0.999172985553741
108063339741976529,333.97416404,0.05511417,20.3670997619629,20.2670001983643,36,0.998758018016815
108063339707230487,333.97068034,0.05002429,20.6669006347656,19.9715003967285,43,0.99898898601532
108063339704440520,333.97059686,0.05006886,20.9827995300293,19.9906005859375,9,0.999161005020142
108083339728983705,333.97293526,0.0694066,20.5666999816895,20.065299987793,48,0.999011993408203
108073339701321396,333.97015052,0.05912986,20.769100189209,20.4218006134033,40,0.998719990253448
108053339614077795,333.96143819,0.04779855,20.7458992004395,20.7369003295898,23,0.997137010097504
107983340502439040,334.05027419,-0.00953814,20.0944995880127,20.0303993225098,51,0.999071002006531
107973340567024581,334.05667048,-0.02155631,20.2735996246338,20.3819999694824,65,0.998403012752533
107973340559737465,334.05598561,-0.01916101,20.4041996002197,20.4489002227783,52,0.999144971370697
107953340574524027,334.05750972,-0.0386533,20.377799987793,19.5711994171143,78,0.999007999897003
107943340567696573,334.05682582,-0.04498834,20.9790000915527,20.6261005401611,54,0.998278021812439
107943340562255210,334.05626363,-0.04611827,20.233699798584,20.0130004882813,59,0.998494029045105
107943340577058245,334.05770181,-0.04352698,21.2259006500244,21.6242008209229,6,0.999207019805908
107943340480879174,334.04809959,-0.04277214,20.6429996490479,20.6357002258301,36,0.999635994434357
107943340473197361,334.04732014,-0.04436684,19.8015995025635,19.8950004577637,56,0.99917197227478
107983340365077439,334.03655556,-0.01085625,16.8467998504639,16.9202995300293,79,0.999204993247986
107943340247705758,334.0247747,-0.04558734,18.699800491333,18.8307991027832,77,0.999175012111664
107953340240125203,334.02406349,-0.03770722,21.1201000213623,20.8519992828369,12,0.998085975646973
107943340404345102,334.04042357,-0.04614676,20.8784999847412,20.4517993927002,31,0.999037027359009
107953340299398172,334.02995995,-0.0352953,20.9729995727539,21.1797008514404,12,0.998961985111237
107953340441445763,334.04420691,-0.03721173,20.4785003662109,20.0475006103516,61,0.999194025993347
107963340380862306,334.03809952,-0.03181997,20.6541996002197,20.5380992889404,33,0.999393999576569
107833341183930473,334.11841025,-0.14164509,17.4346008300781,17.5083999633789,69,0.999638974666595
107823341246466408,334.12473793,-0.14506174,18.3812007904053,18.4678993225098,83,0.998049974441528
107823340998249315,334.09984541,-0.1426451,15.9315004348755,15.9942998886108,86,0.998290002346039
107813341070484110,334.10704841,-0.15527643,20.5226001739502,20.2110004425049,26,0.997825980186462
107813341131968963,334.1132133,-0.15122882,16.932300567627,17.0212993621826,76,0.999535024166107
107803341126683854,334.11257445,-0.16378423,20.7630004882813,-999,7,0.998736023902893
107813341234592322,334.12348192,-0.15676795,19.3710994720459,19.3847999572754,67,0.99924498796463
107883341353173798,334.13532526,-0.09727606,20.8568992614746,20.8463001251221,23,0.998701989650726
107873341078509999,334.10786949,-0.10039031,17.1180000305176,17.1947002410889,68,0.999459981918335
107883341205823225,334.12062994,-0.09771926,19.9932994842529,19.9664001464844,45,0.998889982700348
107883341204850562,334.12047964,-0.09984127,20.7674999237061,20.7289009094238,12,0.998749017715454
107873341189784605,334.11899235,-0.10491688,21.2073001861572,20.3784008026123,31,0.954172015190125
107873341166105429,334.11665918,-0.10417295,21.1359004974365,20.7383003234863,54,0.999219000339508
107853341245791009,334.12458521,-0.1245354,21.2341995239258,20.5767993927002,11,0.997332990169525
107853341357210301,334.13573136,-0.12520623,20.3223991394043,20.4330005645752,44,0.998979985713959
107863341356435941,334.1357022,-0.11210367,20.9416999816895,20.2998008728027,25,0.998247981071472
107873341303283568,334.13035847,-0.10576389,17.2367000579834,17.324499130249,60,0.998598992824554
107873341308524799,334.13086641,-0.10473705,20.4993991851807,20.5261001586914,32,0.99930602312088
107883340606104528,334.06058742,-0.09659275,20.5524005889893,19.6772994995117,47,0.999412000179291
107873340634927758,334.06345601,-0.10222616,21.0704002380371,20.5443000793457,35,0.998241007328033
107873340647938896,334.06486489,-0.1012986,21.2672004699707,20.8525009155273,17,0.998266994953156
108113340626462424,334.06265422,0.09321111,19.9393997192383,19.9838008880615,66,0.998777985572815
108113340616480758,334.06164888,0.09191294,20.1606998443604,20.2420997619629,68,0.999427974224091
108223340394706104,334.03960379,0.1880109,14.5492000579834,14.5923004150391,77,0.998835980892181
108223340387816469,334.03893675,0.18830924,17.1506996154785,17.2980995178223,22,0.998512983322144
108213340346297607,334.03464645,0.18095246,17.1245994567871,17.2106990814209,78,0.99896502494812
108213340216633858,334.02166657,0.1778273,17.8864994049072,17.9713001251221,83,0.998785018920898
108213340027289689,334.00262516,0.18275776,20.2035999298096,19.9869003295898,61,0.998610973358154
108223340156422488,334.01564846,0.18499459,19.0345993041992,18.4999008178711,85,0.999180972576141
108213340116454888,334.01165399,0.17866885,18.5344009399414,18.6186008453369,85,0.999038994312286
108213340113798948,334.01136794,0.18205704,20.7786998748779,20.1081008911133,22,0.998601973056793
108213340092403108,334.00926119,0.1772135,18.8502998352051,18.9951992034912,79,0.999641001224518
108223340095831300,334.00958593,0.18405836,19.3020000457764,19.4095993041992,69,0.999305009841919
108173340095927689,334.00965056,0.14765853,20.2618999481201,20.1224002838135,51,0.999482989311218
108193340065794971,334.00659399,0.16201299,18.747200012207,18.8397998809814,69,0.99958598613739
108183340073524364,334.00740349,0.15324705,20.733699798584,20.7943992614746,20,0.999691009521484
108193340038528563,334.00386775,0.16508151,20.9624996185303,20.9676990509033,30,0.99913501739502
108213340199296309,334.01994929,0.17988155,18.448600769043,18.5641002655029,81,0.99898499250412
108203340171139696,334.01712804,0.17433416,17.8486003875732,17.9281997680664,85,0.999125003814697
108173340011045109,334.00110394,0.14553443,21.0209007263184,21.238899230957,16,0.998256981372833
108183339983229579,333.99839322,0.15754394,20.8880996704102,21.1669998168945,11,0.999024987220764
108173339887516100,333.98874888,0.14637931,17.0452003479004,17.1084995269775,82,0.998655021190643
108173339904556784,333.99047662,0.1469984,20.8768997192383,20.5732002258301,33,0.998665988445282
108223339974015704,333.99741634,0.18772752,20.5587997436523,20.5501003265381,37,0.999348998069763
108223339949431885,333.99498074,0.18450342,18.3766002655029,18.4678993225098,86,0.999283015727997
108213339946434577,333.99466851,0.17847331,20.9591007232666,20.9029998779297,24,0.998394012451172
108213339944049171,333.99442409,0.18233702,20.6263008117676,20.4664993286133,49,0.999303996562958
108203339994385923,333.99941883,0.17117966,20.7180004119873,20.0909996032715,35,0.999154984951019
108203339967228191,333.99670968,0.17310212,16.1287002563477,16.1797008514404,88,0.999638020992279
108173339629741792,333.96296911,0.14278416,16.8570003509521,16.9351005554199,89,0.998525023460388
108173339808999278,333.98087064,0.1490465,14.9608001708984,15.012900352478,82,0.998351991176605
108193339793966613,333.97945825,0.16352245,18.7024993896484,18.854700088501,72,0.998683989048004
108193339794484195,333.97945186,0.1614374,17.8659992218018,17.9638004302979,75,0.999278008937836
108183339727113120,333.97272145,0.15222206,20.8987007141113,20.8201007843018,45,0.998390972614288
108193339847597507,333.98477771,0.16422433,20.7605991363525,20.7238998413086,61,0.998880982398987
108173339863935227,333.9864154,0.14566869,20.6217994689941,20.8514995574951,32,0.998660027980804
108173339892819110,333.98928662,0.14888832,17.0417995452881,17.1200008392334,82,0.999208986759186
108173339834488750,333.98345962,0.14861735,21.2169990539551,-999,37,0.998417019844055
108183339853042542,333.98531323,0.15171226,20.8880004882813,-999,30,0.998708009719849
108193340011958476,334.0011321,0.16497761,20.8253993988037,20.5000991821289,61,0.999269008636475
108193339973676206,333.99739188,0.16315061,20.7150993347168,20.8908004760742,16,0.998324990272522
108193339955788296,333.99557609,0.16486539,17.7695999145508,17.8369998931885,82,0.998969972133636
108223340402640898,334.04027921,0.18372453,20.62380027771,-999,51,0.998894989490509
108213340372254434,334.03725084,0.17829158,19.1049995422363,19.1597995758057,67,0.998619973659515
108213340432735604,334.04325879,0.17930928,20.7180995941162,20.1049995422363,43,0.999162018299103
108203340295906872,334.02961224,0.171986,19.2087001800537,19.3355007171631,65,0.999312996864319
108213340428000698,334.04283156,0.17511854,21.0282001495361,20.3195991516113,19,0.997213006019592
108203340346904066,334.03467471,0.16962219,20.7768993377686,20.3565006256104,14,0.99864798784256
108203340353745834,334.03537351,0.17112297,19.5342998504639,19.4766006469727,67,0.999105989933014
108003340165854617,334.01660237,0.00345136,19.6709995269775,19.6422004699707,78,0.998965978622437
108013339823856083,333.98241118,0.013015,15.8494997024536,15.9036998748779,62,0.998678982257843
108013339914778799,333.99150499,0.01531448,20.9591007232666,21.0081005096436,8,0.997851014137268
108053340112562671,334.0112872,0.04356383,20.7521991729736,20.3609008789063,40,0.999435007572174
108043340123807005,334.01238526,0.0387722,20.7439002990723,20.7345008850098,62,0.998513996601105
108053340045970773,334.00467633,0.04195109,20.7443008422852,19.7553005218506,35,0.998059988021851
108043340011202193,334.00119323,0.03477585,20.9409008026123,20.6819000244141,25,0.998757004737854
108033340047019537,334.00472706,0.03256152,18.9552993774414,19.013500213623,78,0.998686015605927
108053339826580660,333.98268307,0.04184367,20.4683990478516,20.2362995147705,41,0.998610019683838
108033339867178464,333.98670969,0.03168726,18.3631992340088,18.4407997131348,72,0.9983189702034
108043339827760135,333.98279589,0.03304525,20.0223999023438,19.3393001556396,28,0.998715996742249
108043339906468381,333.99068527,0.03993134,20.8052997589111,-999,23,0.998534023761749
108043339853209562,333.98530675,0.0408898,18.7360992431641,18.809700012207,67,0.998619973659515
108053339951310428,333.99516455,0.04163592,21.027099609375,21.0716991424561,30,0.999248027801514
108043339918635702,333.99187789,0.03774154,19.8134994506836,18.93630027771,66,0.999678015708923
108043339920685458,333.9919068,0.03770001,19.5953998565674,18.7292995452881,12,0.998736977577209
108033339864175437,333.98646399,0.02910806,20.7033996582031,20.1917991638184,6,0.998452007770538
108033339983540382,333.99836494,0.02491618,21.1597995758057,-999,36,0.998243987560272
108033339989967325,333.99897481,0.03074484,20.8458995819092,20.3836994171143,56,0.999143004417419
108043339958091540,333.99583904,0.03422909,20.6690006256104,20.6037006378174,58,0.999364972114563
108113340474490610,334.04743799,0.09175505,21.1702995300293,-999,23,0.998395025730133
108113340514570577,334.0514605,0.09173057,19.3469009399414,19.3966007232666,78,0.99917197227478
108103340167236661,334.01668927,0.08846954,20.6574993133545,-999,19,0.998525977134705
108083340179749155,334.01800895,0.07399053,20.5897998809814,20.6917991638184,66,0.998800992965698
108103340258610382,334.0258615,0.08327093,20.2332992553711,20.2266998291016,46,0.999576985836029
108113340230450322,334.02303679,0.09154394,20.6459007263184,20.638599395752,34,0.999350011348724
107993339049102466,333.90492526,-0.0066246,20.679500579834,20.1291007995605,51,0.998951017856598
107993339069827397,333.9069702,-0.0025328,19.6131000518799,19.1056003570557,61,0.998768985271454
107983339130044274,333.91305617,-0.01347046,19.4090995788574,19.5186996459961,52,0.999620974063873
107963339346407872,333.9346915,-0.02712327,20.4731006622314,20.5671005249023,36,0.998589992523193
107983341143188882,334.11427264,-0.00972028,19.5979995727539,19.7110996246338,80,0.998834013938904
107993341016610777,334.10165178,-0.00808721,19.7234992980957,19.7978992462158,81,0.999615013599396
107983341078855125,334.10792513,-0.01279922,17.0881004333496,17.1702003479004,85,0.99938702583313
107983341094649377,334.1094788,-0.0092622,17.4675006866455,17.5650997161865,94,0.998926997184753
107983340937979914,334.09382984,-0.00881128,20.7166004180908,20.7178001403809,25,0.998501002788544
107993340981710800,334.09821669,-0.00809378,19.4277992248535,19.5512008666992,70,0.999323010444641
107983340986873034,334.0986643,-0.01440001,20.8694000244141,20.6874008178711,13,0.997762978076935
107893341410126395,334.14095212,-0.08650097,18.9869003295898,19.0480995178223,65,0.998907029628754
107903341426782109,334.14265152,-0.08197028,20.8297996520996,20.8441009521484,17,0.998978972434998
107903341393634731,334.139366,-0.07981694,20.672399520874,20.4827003479004,38,0.999634981155396
107933341501708864,334.15019239,-0.05138042,21.1881999969482,21.0888004302979,32,0.997712016105652
107933341401136643,334.14010485,-0.05321009,15.8550996780396,15.9218997955322,98,0.999630987644196
107923341473745747,334.14739512,-0.06231983,19.9111003875732,20.0492992401123,60,0.998802006244659
107943341162371430,334.11635724,-0.04922616,21.0426006317139,21.1870002746582,9,0.998197019100189
107923341237626813,334.12377269,-0.06138051,18.7530002593994,18.8738994598389,82,0.999085009098053
107943341278500463,334.12792234,-0.04999517,20.1467990875244,19.6791000366211,51,0.999119997024536
107943341199360629,334.11985152,-0.05001531,21.1203002929688,20.426700592041,7,0.996146023273468
107933341191938159,334.11921753,-0.05192295,17.6623001098633,17.7490005493164,81,0.998660981655121
107943341197340200,334.11977598,-0.05014347,20.6049995422363,19.5732002258301,25,0.998409986495972
107923341407577271,334.14076563,-0.0609663,20.7159004211426,20.9507007598877,17,0.998261988162994
107923341412415127,334.14125066,-0.06277578,15.201000213623,15.2600002288818,77,0.998938024044037
107913341376507572,334.13769625,-0.06908392,21.0904006958008,-999,9,0.997874021530151
107943341286596323,334.12868758,-0.04504937,20.9543991088867,20.6765003204346,31,0.997238993644714
107963341174883427,334.11749905,-0.03088721,17.4127998352051,17.5044002532959,83,0.998960018157959
107963341186171650,334.11863129,-0.03237805,19.3304004669189,19.442699432373,80,0.999249994754791
107953341192920058,334.11930626,-0.04201097,17.3840007781982,17.4626007080078,86,0.998978972434998
107963341350868253,334.13510758,-0.02682638,20.6455001831055,21.7087001800537,6,0.99803102016449
107953341430018297,334.14301755,-0.03508701,20.7383003234863,20.0046997070313,58,0.998955011367798
107943341383364614,334.13835272,-0.04654635,20.4895000457764,20.3731994628906,47,0.998638987541199
107953341332895639,334.13333038,-0.0373433,21.067699432373,20.7707996368408,14,0.996926009654999
107953341322530149,334.13225163,-0.04193893,19.2159004211426,19.2859992980957,60,0.999391973018646
107993341177676946,334.11779857,-0.00297762,20.7975997924805,20.781400680542,28,0.997590005397797
107973341273644322,334.12735072,-0.0218479,20.8115997314453,20.3171005249023,13,0.999216020107269
107973341263127994,334.12628628,-0.0188029,20.4053993225098,19.911600112915,65,0.998706996440887
107973341284813380,334.12851268,-0.02256636,19.8724994659424,19.9361000061035,51,0.998706996440887
107973341289488583,334.12898083,-0.01828575,20.6837997436523,20.0396995544434,63,0.998808979988098
107813340736936930,334.07368842,-0.15296519,20.7227993011475,20.5018997192383,49,0.997919023036957
107803340725452954,334.07256516,-0.16454915,19.3591003417969,19.4538993835449,68,0.998596012592316
107813340735905377,334.07361218,-0.15428657,20.5520992279053,20.0389995574951,56,0.998674988746643
107783340403616724,334.04036027,-0.17813208,18.9410991668701,18.5207004547119,92,0.99965500831604
107783340384741668,334.03849096,-0.18233976,19.1310997009277,18.6718006134033,84,0.999337017536163
107793340857495708,334.08573809,-0.17060615,21.2271995544434,20.8374996185303,39,0.998987972736359
107793340752244566,334.07524255,-0.17158538,20.5049991607666,20.0969009399414,71,0.998869001865387
107793340782898661,334.07827746,-0.16824314,20.4848003387451,20.3064994812012,15,0.993798971176147
108083339072203394,333.90721099,0.06911956,18.8889999389648,19.0093994140625,95,0.99932199716568
108063339003006204,333.90027243,0.05485656,19.6578998565674,19.7950992584229,57,0.998670995235443
108073339004530338,333.90046179,0.05824589,15.7116003036499,15.7560997009277,76,0.999198973178864
108063339023200905,333.90234944,0.05036045,20.0888004302979,19.8164005279541,51,0.999173998832703
108073339099524621,333.90996575,0.06182803,16.3911991119385,16.4435005187988,91,0.998748004436493
108063339153108066,333.91531559,0.05631926,16.9743003845215,16.9992008209229,87,0.998179018497467
108063339101217569,333.91010761,0.05596057,21.2828006744385,-999,9,0.998126983642578
108083339225334618,333.92248551,0.070147,21.1490001678467,21.0946006774902,6,0.998417973518372
108083339174482296,333.91739425,0.06824945,20.9230995178223,20.5321006774902,36,0.998660027980804
108223339415498862,333.94156726,0.19047754,20.7299995422363,20.2451000213623,11,0.999302983283997
108223339415989223,333.9415644,0.1905254,20.8299999237061,20.2001991271973,40,0.998749017715454
108003338054268448,333.80542658,0.00666493,17.8141994476318,17.8903999328613,69,0.998840987682343
108013338043654372,333.80428504,0.01163777,20.1648998260498,19.5221004486084,41,0.999226987361908